#
# A fatal error has been detected by the Java Runtime Environment:
#
#  EXCEPTION_ACCESS_VIOLATION (0xc0000005) at pc=0x00007ffccd8a8a1e, pid=57248, tid=15612
#
# JRE version: OpenJDK Runtime Environment Microsoft-13106358 (17.0.18+8) (build 17.0.18+8-LTS)
# Java VM: OpenJDK 64-Bit Server VM Microsoft-13106358 (17.0.18+8-LTS, mixed mode, sharing, tiered, compressed oops, compressed class ptrs, g1 gc, windows-amd64)
# Problematic frame:
# V  [jvm.dll+0x3e8a1e]
#
# No core dump will be written. Minidumps are not enabled by default on client versions of Windows
#
# If you would like to submit a bug report, please visit:
#   https://github.com/microsoft/openjdk/issues
# The crash happened outside the Java Virtual Machine in native code.
# See problematic frame for where to report the bug.
#

---------------  S U M M A R Y ------------

Command Line: -Dcompose.application.configure.swing.globals=true -Dcompose.application.resources.dir=C:\Users\TechnologyDeveloper3\Desktop\flick-soccer\composeApp\build\compose\tmp\prepareAppResources -Dfile.encoding=UTF-8 -Duser.country=US -Duser.language=en -Duser.variant io.github.ukemeikot.flicksoccer.MainKt

Host: Intel(R) Core(TM) i7-8665U CPU @ 1.90GHz, 8 cores, 15G,  Windows 11 , 64 bit Build 26100 (10.0.26100.8875)
Time: Mon Jul 27 13:11:52 2026 W. Central Africa Standard Time elapsed time: 112.036348 seconds (0d 0h 1m 52s)

---------------  T H R E A D  ---------------

Current thread (0x0000020cdb751a80):  JavaThread "AWT-EventQueue-0" [_thread_in_native, id=15612, stack(0x0000001a89700000,0x0000001a89800000)]

Stack: [0x0000001a89700000,0x0000001a89800000],  sp=0x0000001a897fd990,  free space=1014k
Native frames: (J=compiled Java code, j=interpreted, Vv=VM code, C=native code)
V  [jvm.dll+0x3e8a1e]  (no source info available)
C  [awt.dll+0xad06d]  (no source info available)

Java frames: (J=compiled Java code, j=interpreted, Vv=VM code)
J 2599  org.lwjgl.system.JNI.callPV(JJ)V (0 bytes) @ 0x0000020c87bd4c6c [0x0000020c87bd4c20+0x000000000000004c]
j  org.lwjgl.system.jawt.JAWTFunctions.nJAWT_FreeDrawingSurface(JJ)V+13
j  org.lwjgl.system.jawt.JAWTFunctions.JAWT_FreeDrawingSurface(Lorg/lwjgl/system/jawt/JAWTDrawingSurface;J)V+5
j  org.lwjgl.opengl.awt.PlatformWin32GLCanvas.dispose()V+17
j  org.lwjgl.opengl.awt.AWTGLCanvas.disposeCanvas()V+4
j  org.lwjgl.opengl.awt.AWTGLCanvas.removeNotify()V+15
j  java.awt.Container.removeNotify()V+47 java.desktop@17.0.18
j  javax.swing.JComponent.removeNotify()V+1 java.desktop@17.0.18
j  java.awt.Container.removeNotify()V+47 java.desktop@17.0.18
j  javax.swing.JComponent.removeNotify()V+1 java.desktop@17.0.18
j  androidx.compose.ui.awt.ComposeWindowPanel.removeNotify()V+16
j  java.awt.Container.removeNotify()V+47 java.desktop@17.0.18
j  javax.swing.JComponent.removeNotify()V+1 java.desktop@17.0.18
j  java.awt.Container.removeNotify()V+47 java.desktop@17.0.18
j  javax.swing.JComponent.removeNotify()V+1 java.desktop@17.0.18
j  java.awt.Container.removeNotify()V+47 java.desktop@17.0.18
j  javax.swing.JComponent.removeNotify()V+1 java.desktop@17.0.18
j  javax.swing.JRootPane.removeNotify()V+1 java.desktop@17.0.18
j  java.awt.Container.removeNotify()V+47 java.desktop@17.0.18
j  java.awt.Window.removeNotify()V+32 java.desktop@17.0.18
j  java.awt.Frame.removeNotify()V+51 java.desktop@17.0.18
j  java.awt.Window$1DisposeAction.run()V+139 java.desktop@17.0.18
j  java.awt.Window.doDispose()V+21 java.desktop@17.0.18
j  java.awt.Window.dispose()V+1 java.desktop@17.0.18
j  androidx.compose.ui.awt.ComposeWindow.dispose()V+8
j  androidx.compose.ui.window.Window_desktopKt$Window$4$1.invoke(Landroidx/compose/ui/awt/ComposeWindow;)V+25
j  androidx.compose.ui.window.Window_desktopKt$Window$4$1.invoke(Ljava/lang/Object;)Ljava/lang/Object;+5
j  androidx.compose.ui.window.Window_desktopKt$Window$14$1.invoke(Landroidx/compose/ui/awt/ComposeWindow;)V+11
j  androidx.compose.ui.window.Window_desktopKt$Window$14$1.invoke(Ljava/lang/Object;)Ljava/lang/Object;+5
j  androidx.compose.ui.window.AwtWindow_desktopKt$AwtWindow$2$1$invoke$$inlined$onDispose$1.dispose()V+13
j  androidx.compose.runtime.DisposableEffectImpl.onForgotten()V+8
j  androidx.compose.runtime.CompositionImpl$RememberEventDispatcher.dispatchRememberObservers()V+109
j  androidx.compose.runtime.CompositionImpl.applyChangesInLocked(Landroidx/compose/runtime/changelist/ChangeList;)V+193
j  androidx.compose.runtime.CompositionImpl.applyChanges()V+41
j  androidx.compose.runtime.Recomposer$runRecomposeAndApplyChanges$2$1.invoke(J)V+1100
j  androidx.compose.runtime.Recomposer$runRecomposeAndApplyChanges$2$1.invoke(Ljava/lang/Object;)Ljava/lang/Object;+8
j  androidx.compose.ui.window.YieldFrameClock.withFrameNanos(Lkotlin/jvm/functions/Function1;Lkotlin/coroutines/Continuation;)Ljava/lang/Object;+140
j  androidx.compose.ui.window.YieldFrameClock$withFrameNanos$1.invokeSuspend(Ljava/lang/Object;)Ljava/lang/Object;+25
J 3877 c2 kotlin.coroutines.jvm.internal.BaseContinuationImpl.resumeWith(Ljava/lang/Object;)V (124 bytes) @ 0x0000020c87c49720 [0x0000020c87c496c0+0x0000000000000060]
J 4539 c2 kotlinx.coroutines.DispatchedTask.run()V (400 bytes) @ 0x0000020c87cd0674 [0x0000020c87cd0260+0x0000000000000414]
J 3797 c2 java.awt.EventQueue.dispatchEvent(Ljava/awt/AWTEvent;)V java.desktop@17.0.18 (80 bytes) @ 0x0000020c87c39ff8 [0x0000020c87c39a20+0x00000000000005d8]
J 4004 c2 java.awt.EventDispatchThread.pumpOneEventForFilters(I)V java.desktop@17.0.18 (116 bytes) @ 0x0000020c87c874ac [0x0000020c87c870c0+0x00000000000003ec]
j  java.awt.EventDispatchThread.pumpEventsForFilter(ILjava/awt/Conditional;Ljava/awt/EventFilter;)V+35 java.desktop@17.0.18
j  java.awt.EventDispatchThread.pumpEventsForHierarchy(ILjava/awt/Conditional;Ljava/awt/Component;)V+11 java.desktop@17.0.18
j  java.awt.EventDispatchThread.pumpEvents(ILjava/awt/Conditional;)V+4 java.desktop@17.0.18
j  java.awt.EventDispatchThread.pumpEvents(Ljava/awt/Conditional;)V+3 java.desktop@17.0.18
j  java.awt.EventDispatchThread.run()V+9 java.desktop@17.0.18
v  ~StubRoutines::call_stub

siginfo: EXCEPTION_ACCESS_VIOLATION (0xc0000005), writing address 0x0000000000000348


Registers:
RAX=0x000000000000dead, RBX=0x0000000000000000, RCX=0x0000020cdb7529b0, RDX=0x0000020cdcd301a8
RSP=0x0000001a897fd990, RBP=0x0000001a897fdab0, RSI=0x0000020c9704f440, RDI=0x0000020cdcd301a8
R8 =0x00007ffccd8a89f0, R9 =0x00007ffccd8bc5c0, R10=0x00007ffd11141380, R11=0x0000001a897fd988
R12=0x0000000000000000, R13=0x0000001a897fdad0, R14=0x0000001a897fdaa0, R15=0x0000020cdb751a80
RIP=0x00007ffccd8a8a1e, EFLAGS=0x0000000000010246

XMM[0]=0x0000000000000000 0x3ff0000000000000
XMM[1]=0x0000000000000000 0x3ff0000000000000
XMM[2]=0x0000000000000000 0x0000000000000000
XMM[3]=0x0000000000000000 0x0000000000000000
XMM[4]=0x0000000000000000 0x0000000000000000
XMM[5]=0x0000000000000000 0x0000000000000000
XMM[6]=0x0000000000000000 0x0000000000000000
XMM[7]=0x0000000000000000 0x000000003f800000
XMM[8]=0x0000000000000000 0x0000000000000000
XMM[9]=0x0000000000000000 0x0000000000000000
XMM[10]=0x0000000000000000 0x8000000000000000
XMM[11]=0x0000000000000000 0x8000000000000000
XMM[12]=0x0000000000000000 0x0000000000000000
XMM[13]=0x0000000000000000 0x000000003f800000
XMM[14]=0x0000000000000000 0x0000000000000000
XMM[15]=0x0000000000000000 0x0000000080000000
  MXCSR=0x00001fa1


Register to memory mapping:

RIP=0x00007ffccd8a8a1e jvm.dll
RAX=0x000000000000dead is an unknown value
RBX=0x0 is NULL
RCX=0x0000020cdb7529b0 points into unknown readable memory: 0x00007ffccde99980 | 80 99 e9 cd fc 7f 00 00
RDX=0x0000020cdcd301a8 is a global jni handle
RSP=0x0000001a897fd990 is pointing into the stack for thread: 0x0000020cdb751a80
RBP=0x0000001a897fdab0 is pointing into the stack for thread: 0x0000020cdb751a80
RSI=0x0000020c9704f440 is a pointer to class: 
jdk.internal.logger.LazyLoggers$JdkLazyLogger {0x0000020c9704f448}
 - instance size:     2
 - klass size:        129
 - access:            final synchronized 
 - state:             fully_initialized
 - name:              'jdk/internal/logger/LazyLoggers$JdkLazyLogger'
 - super:             'jdk/internal/logger/LazyLoggers$LazyLoggerWrapper'
 - sub:               
 - arrays:            NULL
 - methods:           Array<T>(0x0000020cd70fffe0)
 - method ordering:   Array<T>(0x0000020c9690a638)
 - local interfaces:  Array<T>(0x0000020c965ccba8)
 - trans. interfaces: Array<T>(0x0000020cd71014e8)
 - constants:         constant pool [50] {0x0000020cd70ffdc8} for 'jdk/internal/logger/LazyLoggers$JdkLazyLogger' cache=0x0000020cd7104020
 - class loader data:  loader data: 0x0000020cf0599460 of 'bootstrap'
 - source file:       'LazyLoggers.java'
 - class annotations:       Array<T>(0x0000000000000000)
 - class type annotations:  Array<T>(0x0000000000000000)
 - field annotations:       Array<T>(0x0000000000000000)
 - field type annotations:  Array<T>(0x0000000000000000)
 - inner classes:     Array<T>(0x0000020cd7100180)
 - nest members:     Array<T>(0x0000020c965ccb38)
 - permitted subclasses:     Array<T>(0x0000020c965ccb38)
 - java mirror:       a 'java/lang/Class'{0x0000000703f11db0} = 'jdk/internal/logger/LazyLoggers$JdkLazyLogger'
 - vtable length      35  (start addr: 0x0000020c9704f608)
 - itable length      36 (start addr: 0x0000020c9704f720)
 - ---- static fields (0 words):
 - ---- non-static fields (1 words):
 - final 'loggerAccessor' 'Ljdk/internal/logger/LazyLoggers$LoggerAccessor;' @12 
 - non-static oop maps: 12-12 
RDI=0x0000020cdcd301a8 is a global jni handle
R8 =0x00007ffccd8a89f0 jvm.dll
R9 =0x00007ffccd8bc5c0 jvm.dll
R10=0x00007ffd11141380 lwjgl.dll
R11=0x0000001a897fd988 is pointing into the stack for thread: 0x0000020cdb751a80
R12=0x0 is NULL
R13=0x0000001a897fdad0 is pointing into the stack for thread: 0x0000020cdb751a80
R14=0x0000001a897fdaa0 is pointing into the stack for thread: 0x0000020cdb751a80
R15=0x0000020cdb751a80 is a thread


Top of Stack: (sp=0x0000001a897fd990)
0x0000001a897fd990:   0000020cdb751d40 0000001a897fda00
0x0000001a897fd9a0:   0000000000000000 0000020c000b0101
0x0000001a897fd9b0:   0000020cdd3a2de0 00007ffccb12d06d
0x0000001a897fd9c0:   0000020cdd3a2de0 0000001a897fdaa0
0x0000001a897fd9d0:   0000020cdd3a2de8 0000000000000001
0x0000001a897fd9e0:   0000000000000001 00007ffccb12d094
0x0000001a897fd9f0:   0000020cdb751d40 00007ffccdaf5cac
0x0000001a897fda00:   0000020c959cea80 0000020cdb6c9500
0x0000001a897fda10:   00000007030550d0 00007ffccb12d37a
0x0000001a897fda20:   0000020cdd3a2de8 0000020c8754a8dd
0x0000001a897fda30:   0000020c87538e10 0000020c00000000
0x0000001a897fda40:   0000020cd86f4180 0000020c87bd4d0c
0x0000001a897fda50:   0000020cd84e14c4 0000020c000000b9
0x0000001a897fda60:   0000020cdb751a80 0000000000000001
0x0000001a897fda70:   0000020cd8611f78 0000000000000000
0x0000001a897fda80:   000000000000000d 0000000000000007
0x0000001a897fda90:   0000001a897fdb50 00007ffccdaf3ab4
0x0000001a897fdaa0:   0000000703fb5380 0000020c950fe850
0x0000001a897fdab0:   0000001a897fdb38 0000020c87539520
0x0000001a897fdac0:   0000001a897fdb38 0000020c87539520
0x0000001a897fdad0:   00007ffd5757109a 0000000000000000
0x0000001a897fdae0:   0000020cdd3a2de8 0000000000000000
0x0000001a897fdaf0:   0000001a897fdaf0 0000020cd866bab5
0x0000001a897fdb00:   0000001a897fdb60 0000020cd866c7a0
0x0000001a897fdb10:   0000000000000000 0000000703fc6fb0
0x0000001a897fdb20:   0000020cd866bae0 0000001a897fdad0
0x0000001a897fdb30:   0000001a897fdb48 0000001a897fdbb0
0x0000001a897fdb40:   0000020c87539520 00007ffd5757109a
0x0000001a897fdb50:   0000000000000000 0000020cdd3a2de8
0x0000001a897fdb60:   0000000000000000 0000001a897fdb68
0x0000001a897fdb70:   0000020cd866bb7d 0000001a897fdbd0
0x0000001a897fdb80:   0000020cd866c7a0 0000000000000000 

Instructions: (pc=0x00007ffccd8a8a1e)
0x00007ffccd8a891e:   00 00 00 48 8b ce e8 a7 6c cc ff 48 8b 5e 18 48
0x00007ffccd8a892e:   8d 43 08 48 3b 46 20 76 15 45 33 c0 ba 08 00 00
0x00007ffccd8a893e:   00 48 8b ce e8 d9 69 cc ff 48 8b d8 eb 04 48 89
0x00007ffccd8a894e:   46 18 48 89 2b 48 8b 6c 24 50 ba 01 00 00 00 48
0x00007ffccd8a895e:   8b cb e8 6b 23 03 00 48 83 7c 24 28 00 48 8b f0
0x00007ffccd8a896e:   74 0a 48 8d 4c 24 20 e8 06 18 2d 00 48 8b 9f e8
0x00007ffccd8a897e:   00 00 00 48 8b 4b 10 48 83 39 00 74 08 48 8b cb
0x00007ffccd8a898e:   e8 cd 03 f7 ff 48 8b 4b 08 48 8b 43 10 48 89 41
0x00007ffccd8a899e:   10 48 8b 4b 08 48 8b 43 18 48 89 41 18 48 8b 4b
0x00007ffccd8a89ae:   08 48 8b 43 20 48 89 41 20 48 8d 8f a0 02 00 00
0x00007ffccd8a89be:   e8 9d c3 ee ff 48 8b 5c 24 58 48 8b c6 48 8b 74
0x00007ffccd8a89ce:   24 60 90 c7 87 48 03 00 00 04 00 00 00 48 83 c4
0x00007ffccd8a89de:   40 5f c3 cc cc cc cc cc cc cc cc cc cc cc cc cc
0x00007ffccd8a89ee:   cc cc 48 89 5c 24 08 57 48 83 ec 20 8b 81 b0 00
0x00007ffccd8a89fe:   00 00 48 8d 99 40 fd ff ff 05 55 21 ff ff 48 8b
0x00007ffccd8a8a0e:   fa 83 f8 01 76 0a 48 8b cb e8 c4 d3 40 00 33 db
0x00007ffccd8a8a1e:   c7 83 48 03 00 00 05 00 00 00 e8 a3 72 29 00 90
0x00007ffccd8a8a2e:   48 8b 83 50 03 00 00 a8 01 74 0a b2 01 48 8b cb
0x00007ffccd8a8a3e:   e8 4d 7d 30 00 83 bb 3c 03 00 00 00 75 0a 8b 83
0x00007ffccd8a8a4e:   38 03 00 00 a8 0c 74 0a 33 d2 48 8b cb e8 b0 fb
0x00007ffccd8a8a5e:   40 00 48 8b cf c7 83 48 03 00 00 06 00 00 00 e8
0x00007ffccd8a8a6e:   0e 1f 03 00 48 8b bb e8 00 00 00 48 8b 47 10 48
0x00007ffccd8a8a7e:   83 38 00 74 08 48 8b cf e8 d5 02 f7 ff 48 8b 4f
0x00007ffccd8a8a8e:   08 48 8b 47 10 48 89 41 10 48 8b 4f 08 48 8b 47
0x00007ffccd8a8a9e:   18 48 89 41 18 48 8b 4f 08 48 8b 47 20 48 89 41
0x00007ffccd8a8aae:   20 48 8d 8b a0 02 00 00 e8 a5 c2 ee ff 90 c7 83
0x00007ffccd8a8abe:   48 03 00 00 04 00 00 00 48 8b 5c 24 30 48 83 c4
0x00007ffccd8a8ace:   20 5f c3 cc cc cc cc cc cc cc cc cc cc cc cc cc
0x00007ffccd8a8ade:   cc cc 48 89 5c 24 08 57 48 83 ec 20 8b 81 b0 00
0x00007ffccd8a8aee:   00 00 48 8d 99 40 fd ff ff 05 55 21 ff ff 48 8b
0x00007ffccd8a8afe:   fa 83 f8 01 76 0a 48 8b cb e8 d4 d2 40 00 33 db
0x00007ffccd8a8b0e:   c7 83 48 03 00 00 05 00 00 00 e8 b3 71 29 00 90 


Stack slot to memory mapping:
stack at sp + 0 slots: 0x0000020cdb751d40 points into unknown readable memory: 0x0000020ce6c74260 | 60 42 c7 e6 0c 02 00 00
stack at sp + 1 slots: 0x0000001a897fda00 is pointing into the stack for thread: 0x0000020cdb751a80
stack at sp + 2 slots: 0x0 is NULL
stack at sp + 3 slots: 0x0000020c000b0101 is an unknown value
stack at sp + 4 slots: 0x0000020cdd3a2de0 points into unknown readable memory: 0x00007ffccb190f98 | 98 0f 19 cb fc 7f 00 00
stack at sp + 5 slots: 0x00007ffccb12d06d awt.dll
stack at sp + 6 slots: 0x0000020cdd3a2de0 points into unknown readable memory: 0x00007ffccb190f98 | 98 0f 19 cb fc 7f 00 00
stack at sp + 7 slots: 0x0000001a897fdaa0 is pointing into the stack for thread: 0x0000020cdb751a80


Compiled method (n/a) 112242 2599     n 0       org.lwjgl.system.JNI::callPV (native)
 total in heap  [0x0000020c87bd4a90,0x0000020c87bd4e48] = 952
 relocation     [0x0000020c87bd4bf0,0x0000020c87bd4c20] = 48
 main code      [0x0000020c87bd4c20,0x0000020c87bd4e40] = 544
 oops           [0x0000020c87bd4e40,0x0000020c87bd4e48] = 8

[Constant Pool (empty)]

[MachCode]
[Entry Point]
  # {method} {0x0000020cd86f4188} 'callPV' '(JJ)V' in 'org/lwjgl/system/JNI'
  # parm0:    rdx:rdx   = long
  # parm1:    r8:r8     = long
  #           [sp+0x70]  (sp of caller)
  0x0000020c87bd4c20: 448b 5208 | 49bb 0000 | 0096 0c02 | 0000 4d03 | d349 3bc2 | 0f84 0600 

  0x0000020c87bd4c38: ;   {runtime_call ic_miss_stub}
  0x0000020c87bd4c38: 0000 e941 | c49a ff90 
[Verified Entry Point]
  0x0000020c87bd4c40: 8984 2400 | 90ff ff55 | 488b ec48 | 83ec 604d | 8bc8 4c8b 

  0x0000020c87bd4c54: ;   {oop(a 'java/lang/Class'{0x0000000703fb5380} = 'org/lwjgl/system/JNI')}
  0x0000020c87bd4c54: c249 be80 | 53fb 0307 | 0000 004c | 8974 2450 | 4c8d 7424 | 5049 8bd6 

  0x0000020c87bd4c6c: ;   {internal_word}
  0x0000020c87bd4c6c: c5f8 7749 | ba6c 4cbd | 870c 0200 | 004d 8997 | a802 0000 | 4989 a7a0 

  0x0000020c87bd4c84: ;   {external_word}
  0x0000020c87bd4c84: 0200 0049 | badb a805 | cefc 7f00 | 0041 803a | 000f 8452 | 0000 0052 | 4150 4151 

  0x0000020c87bd4ca0: ;   {metadata({method} {0x0000020cd86f4188} 'callPV' '(JJ)V' in 'org/lwjgl/system/JNI')}
  0x0000020c87bd4ca0: 48ba 8041 | 6fd8 0c02 | 0000 498b | cf48 83ec | 20f7 c40f | 0000 000f | 841a 0000 | 0048 83ec 
  0x0000020c87bd4cc0: ;   {runtime_call}
  0x0000020c87bd4cc0: 0849 bad0 | 55bb cdfc | 7f00 0041 | ffd2 4883 | c408 e90d 

  0x0000020c87bd4cd4: ;   {runtime_call}
  0x0000020c87bd4cd4: 0000 0049 | bad0 55bb | cdfc 7f00 | 0041 ffd2 | 4883 c420 | 4159 4158 | 5a49 8d8f | c002 0000 
  0x0000020c87bd4cf4: 41c7 8748 | 0300 0004 

  0x0000020c87bd4cfc: ;   {runtime_call}
  0x0000020c87bd4cfc: 0000 0049 | ba80 1314 | 11fd 7f00 | 0041 ffd2 | c5f8 7741 | c787 4803 | 0000 0500 | 0000 f083 
  0x0000020c87bd4d1c: 4424 c000 | 493b af50 | 0300 000f | 8711 0000 | 0041 81bf | 3803 0000 | 0000 0000 | 0f84 2400 
  0x0000020c87bd4d3c: 0000 c5f8 | 7749 8bcf | 4c8b e448 | 83ec 2048 

  0x0000020c87bd4d4c: ;   {runtime_call}
  0x0000020c87bd4d4c: 83e4 f049 | ba70 63cb | cdfc 7f00 | 0041 ffd2 | 498b e44d | 33e4 41c7 | 8748 0300 | 0008 0000 
  0x0000020c87bd4d6c: 0041 81bf | b803 0000 | 0200 0000 | 0f84 9b00 

  0x0000020c87bd4d7c: ;   {external_word}
  0x0000020c87bd4d7c: 0000 49ba | dba8 05ce | fc7f 0000 | 4180 3a00 | 0f84 4800 

  0x0000020c87bd4d90: ;   {metadata({method} {0x0000020cd86f4188} 'callPV' '(JJ)V' in 'org/lwjgl/system/JNI')}
  0x0000020c87bd4d90: 0000 48ba | 8041 6fd8 | 0c02 0000 | 498b cf48 | 83ec 20f7 | c40f 0000 | 000f 841a | 0000 0048 
  0x0000020c87bd4db0: ;   {runtime_call}
  0x0000020c87bd4db0: 83ec 0849 | bad0 55bb | cdfc 7f00 | 0041 ffd2 | 4883 c408 | e90d 0000 

  0x0000020c87bd4dc8: ;   {runtime_call}
  0x0000020c87bd4dc8: 0049 bad0 | 55bb cdfc | 7f00 0041 | ffd2 4883 | c420 49c7 | 87a0 0200 | 0000 0000 | 0049 c787 
  0x0000020c87bd4de8: a802 0000 | 0000 0000 | c5f8 7749 | 8b8f d800 | 0000 c781 | 0001 0000 | 0000 0000 | c949 817f 
  0x0000020c87bd4e08: 0800 0000 | 000f 8501 | 0000 00c3 

  0x0000020c87bd4e14: ;   {runtime_call StubRoutines (1)}
  0x0000020c87bd4e14: e9e7 c095 | ffc5 f877 | 4c8b e448 | 83ec 2048 

  0x0000020c87bd4e24: ;   {runtime_call}
  0x0000020c87bd4e24: 83e4 f049 | ba90 86bb | cdfc 7f00 | 0041 ffd2 | 498b e44d | 33e4 e93f | ffff fff4 
[/MachCode]


Compiled method (c2) 112261 3877   !   4       kotlin.coroutines.jvm.internal.BaseContinuationImpl::resumeWith (124 bytes)
 total in heap  [0x0000020c87c49510,0x0000020c87c49a70] = 1376
 relocation     [0x0000020c87c49670,0x0000020c87c496a8] = 56
 main code      [0x0000020c87c496c0,0x0000020c87c49880] = 448
 stub code      [0x0000020c87c49880,0x0000020c87c498a8] = 40
 oops           [0x0000020c87c498a8,0x0000020c87c498b0] = 8
 metadata       [0x0000020c87c498b0,0x0000020c87c498c0] = 16
 scopes data    [0x0000020c87c498c0,0x0000020c87c49968] = 168
 scopes pcs     [0x0000020c87c49968,0x0000020c87c49a08] = 160
 dependencies   [0x0000020c87c49a08,0x0000020c87c49a10] = 8
 handler table  [0x0000020c87c49a10,0x0000020c87c49a70] = 96

[Constant Pool (empty)]

[MachCode]
[Entry Point]
  # {method} {0x0000020cd74c8a58} 'resumeWith' '(Ljava/lang/Object;)V' in 'kotlin/coroutines/jvm/internal/BaseContinuationImpl'
  # this:     rdx:rdx   = 'kotlin/coroutines/jvm/internal/BaseContinuationImpl'
  # parm0:    r8:r8     = 'java/lang/Object'
  #           [sp+0x30]  (sp of caller)
  0x0000020c87c496c0: 448b 5208 | 49bb 0000 | 0096 0c02 | 0000 4d03 | d349 3bc2 

  0x0000020c87c496d4: ;   {runtime_call ic_miss_stub}
  0x0000020c87c496d4: 0f85 a679 | 93ff 6690 | 0f1f 4000 
[Verified Entry Point]
  0x0000020c87c496e0: 8984 2400 | 90ff ff55 | 4883 ec20 | 4c89 0424 | 4c8b da8b | 6a0c 85ed | 0f84 0e01 | 0000 4d8d 
  0x0000020c87c49700: 14ec 488b | ea4c 8954 | 2408 488b | d54c 8b04 | 2448 b8ff | ffff ffff 

  0x0000020c87c49718: ;   {virtual_call}
  0x0000020c87c49718: ffff ffe8 

  0x0000020c87c4971c: ; ImmutableOopMap {rbp=Oop [8]=Oop }
                      ;*invokevirtual invokeSuspend {reexecute=0 rethrow=0 return_oop=1}
                      ; - kotlin.coroutines.jvm.internal.BaseContinuationImpl::resumeWith@40 (line 33)
  0x0000020c87c4971c: 4058 9eff 

  0x0000020c87c49720: ;   {oop(a 'kotlin/coroutines/intrinsics/CoroutineSingletons'{0x0000000703880700})}
  0x0000020c87c49720: 49ba 0007 | 8803 0700 | 0000 493b | c275 1348 | 83c4 205d 

  0x0000020c87c49734: ;   {poll_return}
  0x0000020c87c49734: 493b a750 | 0300 000f | 8713 0100 | 00c3 4889 | 0424 488b | d548 b8ff | ffff ffff 

  0x0000020c87c49750: ;   {virtual_call}
  0x0000020c87c49750: ffff ffe8 

  0x0000020c87c49754: ; ImmutableOopMap {[0]=Oop [8]=Oop }
                      ;*invokevirtual releaseIntercepted {reexecute=0 rethrow=0 return_oop=0}
                      ; - kotlin.coroutines.jvm.internal.BaseContinuationImpl::resumeWith@90 (line 39)
  0x0000020c87c49754: 9854 9eff | 4c8b 4424 | 0845 8b50 

  0x0000020c87c49760: ;   {metadata('kotlin/coroutines/jvm/internal/BaseContinuationImpl')}
  0x0000020c87c49760: 0849 bb00 | 0008 970c | 0200 0048 | be00 0000 | 960c 0200 | 0049 03f2 | 4c8b 5638 | 0f1f 4000 
  0x0000020c87c49780: 4d3b d375 | 404c 8b56 

  0x0000020c87c49788: ;   {metadata('kotlin/coroutines/Continuation')}
  0x0000020c87c49788: 2048 b830 | ba01 970c | 0200 004d | 8b9f 5803 

  0x0000020c87c49798: ; ImmutableOopMap {r8=Oop [0]=Oop [8]=Oop }
                      ;*goto {reexecute=1 rethrow=0 return_oop=0}
                      ; - (reexecute) kotlin.coroutines.jvm.internal.BaseContinuationImpl::resumeWith@121 (line 29)
                      ;   {poll}
  0x0000020c87c49798: 0000 4185 | 0366 6690 | 4c3b d075 | 4041 8b68 | 0c85 ed0f | 846b 0000 | 004d 8d14 | ec49 8be8 
  0x0000020c87c497b8: 4c89 5424 | 0866 6690 | e945 ffff | ff48 8b54 | 2408 4c8b | 0424 6666 | 9048 b8e0 | 1551 db0c 
  0x0000020c87c497d8: ;   {virtual_call}
  0x0000020c87c497d8: 0200 00e8 

  0x0000020c87c497dc: ; ImmutableOopMap {}
                      ;*invokeinterface resumeWith {reexecute=0 rethrow=0 return_oop=0}
                      ; - kotlin.coroutines.jvm.internal.BaseContinuationImpl::resumeWith@114 (line 46)
  0x0000020c87c497dc: 9858 9eff | e94a ffff | ff48 8b7e | 288b 0f48 | 83c7 0848 | 85c0 f248 | af0f 8504 | 0000 0048 
  0x0000020c87c497fc: 8946 2090 | 74a3 bade 

  0x0000020c87c49804: ;   {runtime_call UncommonTrapBlob}
  0x0000020c87c49804: ffff ffe8 

  0x0000020c87c49808: ; ImmutableOopMap {[0]=Oop [8]=Oop }
                      ;*checkcast {reexecute=0 rethrow=0 return_oop=0}
                      ; - kotlin.coroutines.jvm.internal.BaseContinuationImpl::resumeWith@10 (line 28)
  0x0000020c87c49808: f4d0 93ff | ba45 ffff | ff4c 895c 

  0x0000020c87c49814: ;   {runtime_call UncommonTrapBlob}
  0x0000020c87c49814: 2408 90e8 

  0x0000020c87c49818: ; ImmutableOopMap {rbp=NarrowOop [0]=Oop [8]=Oop }
                      ;*ifnonnull {reexecute=1 rethrow=0 return_oop=0}
                      ; - (reexecute) kotlin.jvm.internal.Intrinsics::checkNotNull@1 (line 24)
                      ; - kotlin.coroutines.jvm.internal.BaseContinuationImpl::resumeWith@31 (line 30)
  0x0000020c87c49818: e4d0 93ff | ba45 ffff | ff4c 8944 

  0x0000020c87c49824: ;   {runtime_call UncommonTrapBlob}
  0x0000020c87c49824: 2408 90e8 

  0x0000020c87c49828: ; ImmutableOopMap {rbp=NarrowOop [0]=Oop [8]=Oop }
                      ;*ifnonnull {reexecute=1 rethrow=0 return_oop=0}
                      ; - (reexecute) kotlin.jvm.internal.Intrinsics::checkNotNull@1 (line 24)
                      ; - kotlin.coroutines.jvm.internal.BaseContinuationImpl::resumeWith@31 (line 30)
  0x0000020c87c49828: d4d0 93ff 

  0x0000020c87c4982c: ;   {static_call}
  0x0000020c87c4982c: 488b d0e8 

  0x0000020c87c49830: ; ImmutableOopMap {rbp=Oop [8]=Oop }
                      ;*invokestatic createFailure {reexecute=0 rethrow=0 return_oop=1}
                      ; - kotlin.coroutines.jvm.internal.BaseContinuationImpl::resumeWith@76 (line 37)
  0x0000020c87c49830: 4c00 0000 | 4889 0424 | e909 ffff | ff48 8bd0 | eb08 488b | d0eb 0348 | 8bd0 4883 

  0x0000020c87c4984c: ;   {runtime_call _rethrow_Java}
  0x0000020c87c4984c: c420 5de9 | 2c39 9eff 

  0x0000020c87c49854: ;   {internal_word}
  0x0000020c87c49854: 49ba 3497 | c487 0c02 | 0000 4d89 | 9768 0300 

  0x0000020c87c49864: ;   {runtime_call SafepointBlob}
  0x0000020c87c49864: 00e9 96e1 | 93ff f4f4 | f4f4 f4f4 | f4f4 f4f4 | f4f4 f4f4 | f4f4 f4f4 | f4f4 f4f4 
[Stub Code]
  0x0000020c87c49880: ;   {no_reloc}
  0x0000020c87c49880: 48bb e82a | 51d7 0c02 

  0x0000020c87c49888: ;   {runtime_call I2C/C2I adapters}
  0x0000020c87c49888: 0000 e9ca 

  0x0000020c87c4988c: ;   {runtime_call ExceptionBlob}
  0x0000020c87c4988c: c493 ffe9 | 6ce9 94ff 
[Deopt Handler Code]
  0x0000020c87c49894: e800 0000 | 0048 832c 

  0x0000020c87c4989c: ;   {runtime_call DeoptimizationBlob}
  0x0000020c87c4989c: 2405 e9fd | d393 fff4 | f4f4 f4f4 
[/MachCode]


Compiled method (c2) 112289 4539   !   4       kotlinx.coroutines.DispatchedTask::run (400 bytes)
 total in heap  [0x0000020c87cd0010,0x0000020c87cd1458] = 5192
 relocation     [0x0000020c87cd0170,0x0000020c87cd0248] = 216
 main code      [0x0000020c87cd0260,0x0000020c87cd0a80] = 2080
 stub code      [0x0000020c87cd0a80,0x0000020c87cd0ad0] = 80
 oops           [0x0000020c87cd0ad0,0x0000020c87cd0af8] = 40
 metadata       [0x0000020c87cd0af8,0x0000020c87cd0ba8] = 176
 scopes data    [0x0000020c87cd0ba8,0x0000020c87cd1100] = 1368
 scopes pcs     [0x0000020c87cd1100,0x0000020c87cd1300] = 512
 dependencies   [0x0000020c87cd1300,0x0000020c87cd1310] = 16
 handler table  [0x0000020c87cd1310,0x0000020c87cd1430] = 288
 nul chk table  [0x0000020c87cd1430,0x0000020c87cd1458] = 40

[Constant Pool (empty)]

[MachCode]
[Entry Point]
  # {method} {0x0000020cd74f4018} 'run' '()V' in 'kotlinx/coroutines/DispatchedTask'
  #           [sp+0x70]  (sp of caller)
  0x0000020c87cd0260: 448b 5208 | 49bb 0000 | 0096 0c02 | 0000 4d03 | d349 3bc2 

  0x0000020c87cd0274: ;   {runtime_call ic_miss_stub}
  0x0000020c87cd0274: 0f85 060e | 8bff 6690 | 0f1f 4000 
[Verified Entry Point]
  0x0000020c87cd0280: 8984 2400 | 90ff ff55 | 4883 ec60 | 4889 5424 | 2044 8b5a | 0866 6666 | 0f1f 8400 | 0000 0000 
  0x0000020c87cd02a0: ;   {metadata('kotlinx/coroutines/CancellableContinuationImpl')}
  0x0000020c87cd02a0: 4181 fb80 | c008 0174 

  0x0000020c87cd02a8: ;   {metadata('kotlinx/coroutines/internal/DispatchedContinuation')}
  0x0000020c87cd02a8: 1241 81fb | 0050 0801 | 0f85 b605 | 0000 4c8b | d2eb 164c | 8bd2 418b | 6a20 85ed | 0f84 ee05 
  0x0000020c87cd02c8: 0000 4c8b | d549 c1e2 | 0345 8b5a | 0866 6666 | 0f1f 8400 | 0000 0000 

  0x0000020c87cd02e0: ;   {metadata('kotlinx/coroutines/internal/DispatchedContinuation')}
  0x0000020c87cd02e0: 4181 fb00 | 5008 010f | 853b 0600 | 0045 8b5a | 2044 895c | 2428 458b | 5a28 4489 | 5c24 2c44 
  0x0000020c87cd0300: 8b5c 2428 | 498b d348 | c1e2 0366 | 9048 b8c0 | 43d9 e60c 

  0x0000020c87cd0314: ;   {virtual_call}
  0x0000020c87cd0314: 0200 00e8 

  0x0000020c87cd0318: ; ImmutableOopMap {[32]=Oop [40]=NarrowOop [44]=NarrowOop }
                      ;*invokeinterface getContext {reexecute=0 rethrow=0 return_oop=1}
                      ; - kotlinx.coroutines.DispatchedTask::run@64 (line 210)
  0x0000020c87cd0318: 34e9 95ff | 4889 4424 | 3044 8b54 | 2428 4b8d 

  0x0000020c87cd0328: ;   {oop(a 'java/lang/Integer'[256] {0x0000000703154d48})}
  0x0000020c87cd0328: 0cd4 49ba | 484d 1503 | 0700 0000 | 418b aa10 | 0200 0044 | 8b5c 242c | 4585 db0f | 8416 0400 
  0x0000020c87cd0348: 0049 c1e3 | 034d 8d14 | ec4d 3bda | 0f85 d204 | 0000 488b | d148 8be9 | 4889 4c24 | 3848 b8b0 
  0x0000020c87cd0368: 4ad9 e60c 

  0x0000020c87cd036c: ;   {virtual_call}
  0x0000020c87cd036c: 0200 00e8 

  0x0000020c87cd0370: ; ImmutableOopMap {rbp=Oop [32]=Oop [40]=NarrowOop [48]=Oop [56]=Oop }
                      ;*invokeinterface getContext {reexecute=0 rethrow=0 return_oop=1}
                      ; - kotlinx.coroutines.DispatchedTask::run@107 (line 84)
  0x0000020c87cd0370: dce8 95ff | 488b d84c | 8b54 2420 | 418b 6a08 

  0x0000020c87cd0380: ;   {metadata('kotlinx/coroutines/CancellableContinuationImpl')}
  0x0000020c87cd0380: 81fd 80c0 | 0801 0f84 | a200 0000 

  0x0000020c87cd038c: ;   {metadata('kotlinx/coroutines/internal/DispatchedContinuation')}
  0x0000020c87cd038c: 81fd 0050 | 0801 0f85 | e404 0000 | 498b f20f | 1f44 0000 | 4180 7f38 | 000f 857a | 0300 008b 
  0x0000020c87cd03ac: ;   {oop(a 'kotlinx/coroutines/internal/Symbol'{0x0000000703045a30})}
  0x0000020c87cd03ac: 7e24 c746 | 2446 8b60 | e04c 8bd6 

  0x0000020c87cd03b8: ;   {oop(a 'kotlinx/coroutines/internal/Symbol'{0x0000000703045a30})}
  0x0000020c87cd03b8: 49bb 305a | 0403 0700 | 0000 4d33 | da49 c1eb | 154d 85db | 0f84 6000 | 0000 49c1 | ea09 48b9 
  0x0000020c87cd03d8: 0080 75f7 | 0c02 0000 | 4903 ca80 | 3904 0f84 | 4600 0000 | 4d8b 5740 | 4d8b 5f50 | f083 4424 
  0x0000020c87cd03f8: c000 660f | 1f44 0000 | 8039 0074 | 2d44 8821 | 4d85 d275 | 1249 8bd7 | 49ba a0cf | 79cd fc7f 
  0x0000020c87cd0418: 0000 41ff | d2eb 134b | 894c 13f8 | 4983 c2f8 | 4d89 5740 | eb04 418b | 7a28 4c8b | 5424 2045 
  0x0000020c87cd0438: ;   {metadata('kotlinx/coroutines/CompletedExceptionally')}
  0x0000020c87cd0438: 8b5a 0849 | ba30 9708 | 970c 0200 

  0x0000020c87cd0444: ;   {metadata('kotlinx/coroutines/CancellableContinuationImpl')}
  0x0000020c87cd0444: 0033 d241 | 81fb 80c0 | 0801 0f84 | 4900 0000 | 0f1f 8400 | 0000 0000 | 6666 6690 

  0x0000020c87cd0460: ;   {metadata('kotlinx/coroutines/internal/DispatchedContinuation')}
  0x0000020c87cd0460: 4181 fb00 | 5008 010f | 8523 0400 | 0045 8b44 | fc08 49bb | 0000 0096 | 0c02 0000 | 4d03 d84d 
  0x0000020c87cd0480: 8b5b 384d | 3bda 0f85 | 4000 0000 | 4d8d 14fc | 458b 5a10 | 498b d348 | c1e2 03eb | 2f66 6690 
  0x0000020c87cd04a0: ; implicit exception: dispatches to 0x0000020c87cd0974
  0x0000020c87cd04a0: 458b 5cfc | 0849 b800 | 0000 960c | 0200 004d | 03c3 4d8b | 5838 4d3b | da75 114d | 8d14 fc45 
  0x0000020c87cd04c0: 8b52 1045 | 85d2 0f85 | 1d03 0000 | 4885 d20f | 85de 0200 | 004c 8b54 | 2420 458b | 5218 6690 
  0x0000020c87cd04e0: 4183 fa01 | 743a 4183 | fa02 7434 | ba45 ffff | ff48 8b6c | 2420 4889 | 4424 f88b | 4424 2889 
  0x0000020c87cd0500: 4424 2048 | 8b44 24f8 | 48ff 7424 | 3048 8f44 | 2428 4889 | 5c24 3089 

  0x0000020c87cd0518: ;   {runtime_call UncommonTrapBlob}
  0x0000020c87cd0518: 7c24 24e8 

  0x0000020c87cd051c: ; ImmutableOopMap {rbp=Oop [32]=NarrowOop [36]=NarrowOop [40]=Oop [48]=Oop }
                      ;*ifeq {reexecute=1 rethrow=0 return_oop=0}
                      ; - (reexecute) kotlinx.coroutines.DispatchedTask::run@140 (line 92)
  0x0000020c87cd051c: e063 8bff 

  0x0000020c87cd0520: ; implicit exception: dispatches to 0x0000020c87cd094c
  0x0000020c87cd0520: 448b 5308 

  0x0000020c87cd0524: ;   {metadata('kotlin/coroutines/CombinedContext')}
  0x0000020c87cd0524: 4181 fa40 | 6c08 010f | 85c4 0200 | 0044 8b5b | 1048 895c | 2440 4d8d | 14fc 4c89 | 5424 4889 
  0x0000020c87cd0544: 7c24 2c49 | 8bd3 48c1 

  0x0000020c87cd054c: ;   {oop(a 'kotlinx/coroutines/Job$Key'{0x0000000703870a78})}
  0x0000020c87cd054c: e203 49b8 | 780a 8703 | 0700 0000 | 9048 b8f0 | 0d5c db0c 

  0x0000020c87cd0560: ;   {virtual_call}
  0x0000020c87cd0560: 0200 00e8 

  0x0000020c87cd0564: ; ImmutableOopMap {[32]=Oop [40]=NarrowOop [44]=NarrowOop [48]=Oop [56]=Oop [64]=Oop [72]=Oop }
                      ;*invokeinterface get {reexecute=0 rethrow=0 return_oop=1}
                      ; - kotlin.coroutines.CombinedContext::get@14 (line 120)
                      ; - kotlinx.coroutines.DispatchedTask::run@151 (line 92)
  0x0000020c87cd0564: e8e6 95ff | 4885 c00f | 8554 0000 | 004c 8b54 | 2440 458b | 5a0c 660f | 1f44 0000 

  0x0000020c87cd0580: ; implicit exception: dispatches to 0x0000020c87cd093c
  0x0000020c87cd0580: 478b 44dc | 084f 8d14 

  0x0000020c87cd0588: ;   {metadata('kotlin/coroutines/CombinedContext')}
  0x0000020c87cd0588: dc41 81f8 | 406c 0801 | 0f85 4201 | 0000 458b | 4210 4c89 | 5424 4049 | 8bd0 48c1 

  0x0000020c87cd05a4: ;   {oop(a 'kotlinx/coroutines/Job$Key'{0x0000000703870a78})}
  0x0000020c87cd05a4: e203 49b8 | 780a 8703 | 0700 0000 | 9048 b8e0 | 4ad9 e60c 

  0x0000020c87cd05b8: ;   {virtual_call}
  0x0000020c87cd05b8: 0200 00e8 

  0x0000020c87cd05bc: ; ImmutableOopMap {[32]=Oop [40]=NarrowOop [44]=NarrowOop [48]=Oop [56]=Oop [64]=Oop [72]=Oop }
                      ;*invokeinterface get {reexecute=0 rethrow=0 return_oop=1}
                      ; - kotlin.coroutines.CombinedContext::get@14 (line 120)
                      ; - kotlinx.coroutines.DispatchedTask::run@151 (line 92)
  0x0000020c87cd05bc: 90e6 95ff | 4885 c074 | ac4c 8bd0 | 458b 5a08 

  0x0000020c87cd05cc: ;   {metadata('kotlinx/coroutines/Job')}
  0x0000020c87cd05cc: 48b8 7025 | 0897 0c02 | 0000 48be | 0000 0096 | 0c02 0000 | 4903 f34c | 8b5e 204c | 3bd8 0f85 
  0x0000020c87cd05ec: 9700 0000 | 4c89 5424 | 4049 8bd2 | 9048 b8b0 | 4dd9 e60c 

  0x0000020c87cd0600: ;   {virtual_call}
  0x0000020c87cd0600: 0200 00e8 

  0x0000020c87cd0604: ; ImmutableOopMap {[32]=Oop [40]=NarrowOop [44]=NarrowOop [48]=Oop [56]=Oop [64]=Oop [72]=Oop }
                      ;*invokeinterface isActive {reexecute=0 rethrow=0 return_oop=0}
                      ; - kotlinx.coroutines.DispatchedTask::run@172 (line 93)
  0x0000020c87cd0604: 40e8 95ff | 85c0 0f84 | 2c02 0000 

  0x0000020c87cd0610: ;   {metadata('kotlinx/coroutines/CancellableContinuationImpl')}
  0x0000020c87cd0610: 81fd 80c0 | 0801 741b | 0f1f 8400 | 0000 0000 

  0x0000020c87cd0620: ;   {metadata('kotlinx/coroutines/internal/DispatchedContinuation')}
  0x0000020c87cd0620: 81fd 0050 | 0801 0f85 | 7c02 0000 | 4c8b 4424 | 48eb 2a44 | 8b54 242c | 478b 5cd4 | 0866 6690 
  0x0000020c87cd0640: ;   {metadata('kotlinx/coroutines/CompletedContinuation')}
  0x0000020c87cd0640: 4181 fb00 | b023 010f | 85a1 0000 | 004c 8b54 | 2448 458b | 5a0c 4d8b | c349 c1e0 | 0348 8b54 
  0x0000020c87cd0660: 2438 6666 | 9048 b890 | 46d9 e60c 

  0x0000020c87cd066c: ;   {virtual_call}
  0x0000020c87cd066c: 0200 00e8 

  0x0000020c87cd0670: ; ImmutableOopMap {[32]=Oop [48]=Oop }
                      ;*invokeinterface resumeWith {reexecute=0 rethrow=0 return_oop=0}
                      ; - kotlinx.coroutines.DispatchedTask::run@305 (line 101)
  0x0000020c87cd0670: 04ea 95ff | 4883 c460 

  0x0000020c87cd0678: ;   {poll_return}
  0x0000020c87cd0678: 5d49 3ba7 | 5003 0000 | 0f87 cf03 | 0000 c348 | 8b7e 288b | 0f48 83c7 | 0848 85c0 | f248 af0f 
  0x0000020c87cd0698: 8504 0000 | 0048 8946 | 200f 8449 | ffff ffba | deff ffff | 488b 6c24 | 2048 8944 | 24f8 8b44 
  0x0000020c87cd06b8: 2428 8944 | 2420 488b | 4424 f844 | 8b44 242c | 4489 4424 | 244c 8954 

  0x0000020c87cd06d0: ;   {runtime_call UncommonTrapBlob}
  0x0000020c87cd06d0: 2428 90e8 

  0x0000020c87cd06d4: ; ImmutableOopMap {rbp=Oop [32]=NarrowOop [36]=NarrowOop [40]=Oop [48]=Oop }
                      ;*checkcast {reexecute=0 rethrow=0 return_oop=0}
                      ; - kotlinx.coroutines.DispatchedTask::run@156 (line 92)
  0x0000020c87cd06d4: 2862 8bff | 0f1f 8400 | 0000 0000 

  0x0000020c87cd06e0: ;   {metadata('kotlinx/coroutines/StandaloneCoroutine')}
  0x0000020c87cd06e0: 4181 f880 | 3308 0175 | 0fe9 dafe | ffff 4c8b | 4424 48e9 | 65ff ffff 

  0x0000020c87cd06f8: ;   {oop(a 'kotlinx/coroutines/Job$Key'{0x0000000703870a78})}
  0x0000020c87cd06f8: 498b d249 | b878 0a87 | 0307 0000 | 0048 b888 | b709 970c 

  0x0000020c87cd070c: ;   {virtual_call}
  0x0000020c87cd070c: 0200 00e8 

  0x0000020c87cd0710: ; ImmutableOopMap {[32]=Oop [40]=NarrowOop [44]=NarrowOop [48]=Oop [56]=Oop [72]=Oop }
                      ;*invokeinterface get {reexecute=0 rethrow=0 return_oop=1}
                      ; - kotlin.coroutines.CombinedContext::get@55 (line 125)
                      ; - kotlinx.coroutines.DispatchedTask::run@151 (line 92)
  0x0000020c87cd0710: 0c9e f5ff | 4885 c00f | 84bc 0100 | 004c 8bd0 | e9a3 feff | ff44 8b56 | 2445 85d2 | 0f84 79fc 
  0x0000020c87cd0730: ffff 4d8b | 5f20 498b | ca48 c1e1 | 0366 6690 | 4d85 db0f | 847b 0100 | 004d 8b57 | 304b 894c 
  0x0000020c87cd0750: 1af8 4983 | c3f8 4d89 | 5f20 e94c | fcff ff4d 

  0x0000020c87cd0760: ;   {oop(a 'kotlinx/coroutines/internal/ThreadContextKt$$Lambda$94+0x0000020c97085690'{0x000000070388f8a0})}
  0x0000020c87cd0760: 8d04 ec49 | b9a0 f888 | 0307 0000 | 0048 8bd0 | 488b 6c24 | 2048 894c | 2448 6666 | 9048 b8ff 
  0x0000020c87cd0780: ffff ffff 

  0x0000020c87cd0784: ;   {virtual_call}
  0x0000020c87cd0784: ffff ffe8 

  0x0000020c87cd0788: ; ImmutableOopMap {rbp=Oop [32]=Oop [40]=NarrowOop [48]=Oop [72]=Oop }
                      ;*invokeinterface fold {reexecute=0 rethrow=0 return_oop=1}
                      ; - kotlinx.coroutines.internal.ThreadContextKt::threadContextElements@8 (line 55)
                      ; - kotlinx.coroutines.internal.ThreadContextKt::updateThreadContext@7 (line 61)
                      ; - kotlinx.coroutines.DispatchedTask::run@75 (line 211)
  0x0000020c87cd0788: f40e 8bff | 4c8b d848 | 85c0 0f84 | 6c01 0000 

  0x0000020c87cd0798: ;   {oop(a 'java/lang/Integer'[256] {0x0000000703154d48})}
  0x0000020c87cd0798: 49ba 484d | 1503 0700 | 0000 418b | aa10 0200 | 0048 8b4c | 2448 e99a | fbff ff48 | 8b6c 2420 
  0x0000020c87cd07b8: ;   {static_call}
  0x0000020c87cd07b8: 6666 90e8 

  0x0000020c87cd07bc: ; ImmutableOopMap {rbp=Oop [32]=Oop [40]=NarrowOop [48]=Oop [56]=Oop }
                      ;*invokestatic createFailure {reexecute=0 rethrow=0 return_oop=1}
                      ; - kotlinx.coroutines.DispatchedTask::run@277 (line 99)
  0x0000020c87cd07bc: c011 8bff | 448b 4424 | 2847 8b44 

  0x0000020c87cd07c8: ;   {metadata('androidx/compose/animation/core/SuspendAnimationKt$animate$4')}
  0x0000020c87cd07c8: c408 4181 | f810 f628 | 010f 8511 | 0100 0048 | 8b54 2438 

  0x0000020c87cd07dc: ;   {optimized virtual_call}
  0x0000020c87cd07dc: 4c8b c0e8 

  0x0000020c87cd07e0: ; ImmutableOopMap {rbp=Oop [32]=Oop [48]=Oop }
                      ;*invokeinterface resumeWith {reexecute=0 rethrow=0 return_oop=0}
                      ; - kotlinx.coroutines.DispatchedTask::run@283 (line 99)
  0x0000020c87cd07e0: 9c0b 8bff | e98b feff | ff49 c1e2 | 0349 8bd2 | e9d7 fcff | ffba deff | ffff 488b | 6c24 2048 
  0x0000020c87cd0800: 8944 24f8 | 8b44 2428 | 8944 2420 | 488b 4424 | f848 ff74 | 2430 488f | 4424 2889 | 7c24 2448 
  0x0000020c87cd0820: 895c 2430 

  0x0000020c87cd0824: ;   {runtime_call UncommonTrapBlob}
  0x0000020c87cd0824: 6666 90e8 

  0x0000020c87cd0828: ; ImmutableOopMap {rbp=Oop [32]=NarrowOop [36]=NarrowOop [40]=Oop [48]=Oop }
                      ;*invokeinterface get {reexecute=0 rethrow=0 return_oop=0}
                      ; - kotlinx.coroutines.DispatchedTask::run@151 (line 92)
  0x0000020c87cd0828: d460 8bff | ba45 ffff | ff4c 895c 

  0x0000020c87cd0834: ;   {runtime_call UncommonTrapBlob}
  0x0000020c87cd0834: 2448 90e8 

  0x0000020c87cd0838: ; ImmutableOopMap {rbp=NarrowOop [32]=Oop [40]=NarrowOop [48]=Oop [72]=Oop }
                      ;*if_acmpne {reexecute=1 rethrow=0 return_oop=0}
                      ; - (reexecute) kotlinx.coroutines.internal.ThreadContextKt::updateThreadContext@17 (line 64)
                      ; - kotlinx.coroutines.DispatchedTask::run@75 (line 211)
  0x0000020c87cd0838: c460 8bff | ba45 ffff | ff48 8b6c | 2420 4889 | 4424 f88b | 4424 2889 | 4424 2048 | 8b44 24f8 
  0x0000020c87cd0858: 448b 5424 | 2c44 8954 | 2424 8944 

  0x0000020c87cd0864: ;   {runtime_call UncommonTrapBlob}
  0x0000020c87cd0864: 2438 90e8 

  0x0000020c87cd0868: ; ImmutableOopMap {rbp=Oop [32]=NarrowOop [36]=NarrowOop [48]=Oop [64]=Oop }
                      ;*ifne {reexecute=1 rethrow=0 return_oop=0}
                      ; - (reexecute) kotlinx.coroutines.DispatchedTask::run@177 (line 93)
  0x0000020c87cd0868: 9460 8bff | bac6 ffff | ff48 8b6c 

  0x0000020c87cd0874: ;   {runtime_call UncommonTrapBlob}
  0x0000020c87cd0874: 2420 90e8 

  0x0000020c87cd0878: ; ImmutableOopMap {rbp=Oop }
                      ;*invokevirtual getDelegate$kotlinx_coroutines_core {reexecute=0 rethrow=0 return_oop=0}
                      ; - kotlinx.coroutines.DispatchedTask::run@36 (line 81)
  0x0000020c87cd0878: 8460 8bff | bac6 ffff | ff49 8bea | 4889 4424 

  0x0000020c87cd0888: ;   {runtime_call UncommonTrapBlob}
  0x0000020c87cd0888: 3866 90e8 

  0x0000020c87cd088c: ; ImmutableOopMap {rbp=Oop [40]=NarrowOop [48]=Oop [56]=Oop }
                      ;*invokevirtual takeState$kotlinx_coroutines_core {reexecute=0 rethrow=0 return_oop=0}
                      ; - kotlinx.coroutines.DispatchedTask::run@115 (line 85)
  0x0000020c87cd088c: 7060 8bff | bac6 ffff | ff48 8b6c | 2420 4889 | 5c24 3889 

  0x0000020c87cd08a0: ;   {runtime_call UncommonTrapBlob}
  0x0000020c87cd08a0: 7c24 40e8 

  0x0000020c87cd08a4: ; ImmutableOopMap {rbp=Oop [40]=NarrowOop [48]=Oop [56]=Oop [64]=NarrowOop }
                      ;*invokevirtual getExceptionalResult$kotlinx_coroutines_core {reexecute=0 rethrow=0 return_oop=0}
                      ; - kotlinx.coroutines.DispatchedTask::run@123 (line 86)
  0x0000020c87cd08a4: 5860 8bff | bac6 ffff | ff48 8b6c 

  0x0000020c87cd08b0: ;   {runtime_call UncommonTrapBlob}
  0x0000020c87cd08b0: 2420 90e8 

  0x0000020c87cd08b4: ; ImmutableOopMap {rbp=Oop [40]=NarrowOop [44]=NarrowOop [48]=Oop }
                      ;*invokevirtual getSuccessfulResult$kotlinx_coroutines_core {reexecute=0 rethrow=0 return_oop=0}
                      ; - kotlinx.coroutines.DispatchedTask::run@299 (line 101)
  0x0000020c87cd08b4: 4860 8bff | ba45 ffff 

  0x0000020c87cd08bc: ;   {runtime_call UncommonTrapBlob}
  0x0000020c87cd08bc: ff66 90e8 

  0x0000020c87cd08c0: ; ImmutableOopMap {rbp=NarrowOop [32]=Oop }
                      ;*ifnonnull {reexecute=1 rethrow=0 return_oop=0}
                      ; - (reexecute) kotlin.jvm.internal.Intrinsics::checkNotNull@1 (line 30)
                      ; - kotlinx.coroutines.DispatchedTask::run@42 (line 81)
  0x0000020c87cd08c0: 3c60 8bff | 498b d749 | bac0 cf79 | cdfc 7f00 | 0041 ffd2 | e9d2 faff | ffba f4ff | ffff 488b 
  0x0000020c87cd08e0: ;   {runtime_call UncommonTrapBlob}
  0x0000020c87cd08e0: 6c24 20e8 

  0x0000020c87cd08e4: ; ImmutableOopMap {rbp=Oop [40]=NarrowOop [44]=NarrowOop [48]=Oop }
                      ;*checkcast {reexecute=0 rethrow=0 return_oop=0}
                      ; - kotlinx.coroutines.DispatchedTask::run@156 (line 92)
  0x0000020c87cd08e4: 1860 8bff | bade ffff | ff48 ff74 | 2430 488f | 4424 2048 | 8944 2430 

  0x0000020c87cd08fc: ;   {runtime_call UncommonTrapBlob}
  0x0000020c87cd08fc: 6666 90e8 

  0x0000020c87cd0900: ; ImmutableOopMap {rbp=Oop [32]=Oop [40]=NarrowOop [48]=Oop }
                      ;*invokeinterface resumeWith {reexecute=0 rethrow=0 return_oop=0}
                      ; - kotlinx.coroutines.DispatchedTask::run@283 (line 99)
  0x0000020c87cd0900: fc5f 8bff | ba45 ffff | ff48 8944 | 24f8 8b44 | 2428 8944 | 2420 488b | 4424 f848 | 8944 2440 
  0x0000020c87cd0920: ;   {runtime_call UncommonTrapBlob}
  0x0000020c87cd0920: 6666 90e8 

  0x0000020c87cd0924: ; ImmutableOopMap {rbp=Oop [32]=NarrowOop [48]=Oop [64]=Oop }
                      ;*ifnonnull {reexecute=1 rethrow=0 return_oop=0}
                      ; - (reexecute) kotlin.jvm.internal.Intrinsics::checkNotNull@1 (line 24)
                      ; - kotlinx.coroutines.internal.ThreadContextKt::threadContextElements@14 (line 55)
                      ; - kotlinx.coroutines.internal.ThreadContextKt::updateThreadContext@7 (line 61)
                      ; - kotlinx.coroutines.DispatchedTask::run@75 (line 211)
  0x0000020c87cd0924: d85f 8bff | bade ffff | ff48 8b6c | 2420 4c89 

  0x0000020c87cd0934: ;   {runtime_call UncommonTrapBlob}
  0x0000020c87cd0934: 5424 20e8 

  0x0000020c87cd0938: ; ImmutableOopMap {rbp=Oop [32]=Oop }
                      ;*checkcast {reexecute=0 rethrow=0 return_oop=0}
                      ; - kotlinx.coroutines.DispatchedTask::run@45 (line 81)
  0x0000020c87cd0938: c45f 8bff | baf4 ffff | ff48 8b6c 

  0x0000020c87cd0944: ;   {runtime_call UncommonTrapBlob}
  0x0000020c87cd0944: 2420 90e8 

  0x0000020c87cd0948: ; ImmutableOopMap {rbp=Oop [40]=NarrowOop [44]=NarrowOop [48]=Oop }
                      ;*instanceof {reexecute=0 rethrow=0 return_oop=0}
                      ; - kotlin.coroutines.CombinedContext::get@39 (line 122)
                      ; - kotlinx.coroutines.DispatchedTask::run@151 (line 92)
  0x0000020c87cd0948: b45f 8bff | baf6 ffff | ff48 8b6c | 2420 4889 | 4424 f88b | 4424 2889 | 4424 2048 | 8b44 24f8 
  0x0000020c87cd0968: 897c 2424 

  0x0000020c87cd096c: ;   {runtime_call UncommonTrapBlob}
  0x0000020c87cd096c: 6666 90e8 

  0x0000020c87cd0970: ; ImmutableOopMap {rbp=Oop [32]=NarrowOop [36]=NarrowOop [48]=Oop }
                      ;*invokeinterface get {reexecute=0 rethrow=0 return_oop=0}
                      ; - kotlinx.coroutines.DispatchedTask::run@151 (line 92)
  0x0000020c87cd0970: 8c5f 8bff | 488b 6c24 | 20ba f4ff | ffff 4889 | 4424 f88b | 4424 2889 | 4424 2048 | 8b44 24f8 
  0x0000020c87cd0990: 48ff 7424 | 3048 8f44 | 2428 4889 | 5c24 3089 

  0x0000020c87cd09a0: ;   {runtime_call UncommonTrapBlob}
  0x0000020c87cd09a0: 7c24 24e8 

  0x0000020c87cd09a4: ; ImmutableOopMap {rbp=Oop [32]=NarrowOop [36]=NarrowOop [40]=Oop [48]=Oop }
                      ;*instanceof {reexecute=0 rethrow=0 return_oop=0}
                      ; - kotlinx.coroutines.DispatchedTask::getExceptionalResult$kotlinx_coroutines_core@1 (line 75)
                      ; - kotlinx.coroutines.CancellableContinuationImpl::getExceptionalResult$kotlinx_coroutines_core@2 (line 614)
                      ; - kotlinx.coroutines.DispatchedTask::run@123 (line 86)
  0x0000020c87cd09a4: 585f 8bff | 488b 6c24 | 20ba f4ff | ffff 4889 | 4424 f88b | 4424 2889 | 4424 2048 | 8b44 24f8 
  0x0000020c87cd09c4: 48ff 7424 | 3048 8f44 | 2428 4889 | 5c24 3089 

  0x0000020c87cd09d4: ;   {runtime_call UncommonTrapBlob}
  0x0000020c87cd09d4: 7c24 24e8 

  0x0000020c87cd09d8: ; ImmutableOopMap {rbp=Oop [32]=NarrowOop [36]=NarrowOop [40]=Oop [48]=Oop }
                      ;*instanceof {reexecute=0 rethrow=0 return_oop=0}
                      ; - kotlinx.coroutines.DispatchedTask::getExceptionalResult$kotlinx_coroutines_core@1 (line 75)
                      ; - kotlinx.coroutines.DispatchedTask::run@123 (line 86)
  0x0000020c87cd09d8: 245f 8bff | 488b d048 | 83c4 605d 

  0x0000020c87cd09e4: ;   {runtime_call _rethrow_Java}
  0x0000020c87cd09e4: e997 c795 | ff4c 8bc0 | e952 0000 | 0048 8be8 | e931 0000 | 0048 8be8 | 0f1f 4000 | e925 0000 
  0x0000020c87cd0a04: 004c 8bc0 | e936 0000 | 00eb 074c | 8bc0 eb2f | eb00 488b | e8eb 0f48 | 8be8 6690 | eb08 488b 
  0x0000020c87cd0a24: e8eb 0348 

  0x0000020c87cd0a28: ;   {oop(a 'kotlinx/coroutines/internal/Symbol'{0x000000070388f8b0})}
  0x0000020c87cd0a28: 8be8 49b8 | b0f8 8803 | 0700 0000 | 488b 5424 

  0x0000020c87cd0a38: ;   {static_call}
  0x0000020c87cd0a38: 3066 90e8 

  0x0000020c87cd0a3c: ; ImmutableOopMap {rbp=Oop [32]=Oop }
                      ;*invokestatic restoreThreadContext {reexecute=0 rethrow=0 return_oop=0}
                      ; - kotlinx.coroutines.DispatchedTask::run@358 (line 225)
  0x0000020c87cd0a3c: 400f 8bff | 4c8b c548 | 8b54 2420 

  0x0000020c87cd0a48: ;   {optimized virtual_call}
  0x0000020c87cd0a48: 6666 90e8 

  0x0000020c87cd0a4c: ; ImmutableOopMap {}
                      ;*invokevirtual handleFatalException$kotlinx_coroutines_core {reexecute=0 rethrow=0 return_oop=0}
                      ; - kotlinx.coroutines.DispatchedTask::run@385 (line 109)
  0x0000020c87cd0a4c: 3009 8bff | e91f fcff 

  0x0000020c87cd0a54: ;   {internal_word}
  0x0000020c87cd0a54: ff49 ba79 | 06cd 870c | 0200 004d | 8997 6803 

  0x0000020c87cd0a64: ;   {runtime_call SafepointBlob}
  0x0000020c87cd0a64: 0000 e995 | 6f8b fff4 | f4f4 f4f4 | f4f4 f4f4 | f4f4 f4f4 | f4f4 f4f4 | f4f4 f4f4 
[Stub Code]
  0x0000020c87cd0a80: ;   {no_reloc}
  0x0000020c87cd0a80: 48bb 0000 | 0000 0000 

  0x0000020c87cd0a88: ;   {runtime_call}
  0x0000020c87cd0a88: 0000 e9fb 

  0x0000020c87cd0a8c: ;   {static_stub}
  0x0000020c87cd0a8c: ffff ff48 | bb00 0000 | 0000 0000 

  0x0000020c87cd0a98: ;   {runtime_call}
  0x0000020c87cd0a98: 00e9 fbff 

  0x0000020c87cd0a9c: ;   {static_stub}
  0x0000020c87cd0a9c: ffff 48bb | 0000 0000 | 0000 0000 

  0x0000020c87cd0aa8: ;   {runtime_call}
  0x0000020c87cd0aa8: e9fb ffff 

  0x0000020c87cd0aac: ;   {static_stub}
  0x0000020c87cd0aac: ff48 bb00 | 0000 0000 

  0x0000020c87cd0ab4: ;   {runtime_call}
  0x0000020c87cd0ab4: 0000 00e9 | fbff ffff 
[Exception Handler]
  0x0000020c87cd0abc: ;   {runtime_call ExceptionBlob}
  0x0000020c87cd0abc: e93f 778c | ffe8 0000 | 0000 4883 

  0x0000020c87cd0ac8: ;   {runtime_call DeoptimizationBlob}
  0x0000020c87cd0ac8: 2c24 05e9 | d061 8bff 
[/MachCode]


---------------  P R O C E S S  ---------------

Threads class SMR info:
_java_thread_list=0x0000020d0323b7d0, length=23, elements={
0x0000020cf290dde0, 0x0000020c950e3650, 0x0000020c950e4d80, 0x0000020c950f9d20,
0x0000020c95100810, 0x0000020c95105ba0, 0x0000020c95103320, 0x0000020c9510b960,
0x0000020c9510d700, 0x0000020c9510e880, 0x0000020c95104250, 0x0000020c951060b0,
0x0000020c95102e10, 0x0000020c95105180, 0x0000020c95102900, 0x0000020c95103830,
0x0000020c95103d40, 0x0000020c95104760, 0x0000020c95104c70, 0x0000020c95105690,
0x0000020cdb751a80, 0x0000020cdb750640, 0x0000020cdb751570
}

Java Threads: ( => current thread )
  0x0000020cf290dde0 JavaThread "main" [_thread_blocked, id=20964, stack(0x0000001a87b00000,0x0000001a87c00000)]
  0x0000020c950e3650 JavaThread "Reference Handler" daemon [_thread_blocked, id=7808, stack(0x0000001a88200000,0x0000001a88300000)]
  0x0000020c950e4d80 JavaThread "Finalizer" daemon [_thread_blocked, id=57916, stack(0x0000001a88300000,0x0000001a88400000)]
  0x0000020c950f9d20 JavaThread "Signal Dispatcher" daemon [_thread_blocked, id=54908, stack(0x0000001a88400000,0x0000001a88500000)]
  0x0000020c95100810 JavaThread "Attach Listener" daemon [_thread_blocked, id=38644, stack(0x0000001a88500000,0x0000001a88600000)]
  0x0000020c95105ba0 JavaThread "Service Thread" daemon [_thread_blocked, id=47064, stack(0x0000001a88600000,0x0000001a88700000)]
  0x0000020c95103320 JavaThread "Monitor Deflation Thread" daemon [_thread_blocked, id=57532, stack(0x0000001a88700000,0x0000001a88800000)]
  0x0000020c9510b960 JavaThread "C2 CompilerThread0" daemon [_thread_blocked, id=3132, stack(0x0000001a88800000,0x0000001a88900000)]
  0x0000020c9510d700 JavaThread "C1 CompilerThread0" daemon [_thread_blocked, id=19556, stack(0x0000001a88900000,0x0000001a88a00000)]
  0x0000020c9510e880 JavaThread "Sweeper thread" daemon [_thread_blocked, id=23132, stack(0x0000001a88a00000,0x0000001a88b00000)]
  0x0000020c95104250 JavaThread "Notification Thread" daemon [_thread_blocked, id=4624, stack(0x0000001a88b00000,0x0000001a88c00000)]
  0x0000020c951060b0 JavaThread "Common-Cleaner" daemon [_thread_blocked, id=43804, stack(0x0000001a88d00000,0x0000001a88e00000)]
  0x0000020c95102e10 JavaThread "Java2D Disposer" daemon [_thread_blocked, id=47612, stack(0x0000001a88e00000,0x0000001a88f00000)]
  0x0000020c95105180 JavaThread "AWT-Shutdown" [_thread_blocked, id=54068, stack(0x0000001a88f00000,0x0000001a89000000)]
  0x0000020c95102900 JavaThread "AWT-Windows" daemon [_thread_in_native, id=21136, stack(0x0000001a89000000,0x0000001a89100000)]
  0x0000020c95103830 JavaThread "DefaultDispatcher-worker-1" daemon [_thread_blocked, id=57576, stack(0x0000001a89200000,0x0000001a89300000)]
  0x0000020c95103d40 JavaThread "DefaultDispatcher-worker-2" daemon [_thread_blocked, id=24388, stack(0x0000001a89300000,0x0000001a89400000)]
  0x0000020c95104760 JavaThread "DefaultDispatcher-worker-3" daemon [_thread_blocked, id=53260, stack(0x0000001a89400000,0x0000001a89500000)]
  0x0000020c95104c70 JavaThread "Reference Cleaner" daemon [_thread_blocked, id=38048, stack(0x0000001a89500000,0x0000001a89600000)]
  0x0000020c95105690 JavaThread "kotlinx.coroutines.DefaultExecutor" daemon [_thread_blocked, id=22928, stack(0x0000001a89600000,0x0000001a89700000)]
=>0x0000020cdb751a80 JavaThread "AWT-EventQueue-0" [_thread_in_native, id=15612, stack(0x0000001a89700000,0x0000001a89800000)]
  0x0000020cdb750640 JavaThread "TimerQueue" daemon [_thread_blocked, id=50100, stack(0x0000001a89e00000,0x0000001a89f00000)]
  0x0000020cdb751570 JavaThread "pool-1-thread-2" daemon [_thread_blocked, id=50464, stack(0x0000001a87800000,0x0000001a87900000)]

Other Threads:
  0x0000020c950dea30 VMThread "VM Thread" [stack: 0x0000001a88100000,0x0000001a88200000] [id=7084]
  0x0000020c95a3ba10 WatcherThread [stack: 0x0000001a88c00000,0x0000001a88d00000] [id=18460]
  0x0000020cf2978e10 GCTaskThread "GC Thread#0" [stack: 0x0000001a87c00000,0x0000001a87d00000] [id=36424]
  0x0000020cdb7881e0 GCTaskThread "GC Thread#1" [stack: 0x0000001a89800000,0x0000001a89900000] [id=57684]
  0x0000020cdb7884b0 GCTaskThread "GC Thread#2" [stack: 0x0000001a89900000,0x0000001a89a00000] [id=21692]
  0x0000020cdcaa2810 GCTaskThread "GC Thread#3" [stack: 0x0000001a89a00000,0x0000001a89b00000] [id=45612]
  0x0000020cdcaa1460 GCTaskThread "GC Thread#4" [stack: 0x0000001a89b00000,0x0000001a89c00000] [id=18284]
  0x0000020cdcaa2ae0 GCTaskThread "GC Thread#5" [stack: 0x0000001a89c00000,0x0000001a89d00000] [id=20848]
  0x0000020cdcaa2db0 GCTaskThread "GC Thread#6" [stack: 0x0000001a89d00000,0x0000001a89e00000] [id=6088]
  0x0000020cdd09c2f0 GCTaskThread "GC Thread#7" [stack: 0x0000001a8a600000,0x0000001a8a700000] [id=32672]
  0x0000020cf298ba80 ConcurrentGCThread "G1 Main Marker" [stack: 0x0000001a87d00000,0x0000001a87e00000] [id=47684]
  0x0000020cf298c4a0 ConcurrentGCThread "G1 Conc#0" [stack: 0x0000001a87e00000,0x0000001a87f00000] [id=52528]
  0x0000020cdd09a6d0 ConcurrentGCThread "G1 Conc#1" [stack: 0x0000001a8a500000,0x0000001a8a600000] [id=10804]
  0x0000020c95010bb0 ConcurrentGCThread "G1 Refine#0" [stack: 0x0000001a87f00000,0x0000001a88000000] [id=38612]
  0x0000020c950115f0 ConcurrentGCThread "G1 Service" [stack: 0x0000001a88000000,0x0000001a88100000] [id=536]

Threads with active compile tasks:

VM state: not at safepoint (normal execution)

VM Mutex/Monitor currently owned by a thread: None

Heap address: 0x0000000703000000, size: 4048 MB, Compressed Oops mode: Zero based, Oop shift amount: 3

CDS archive(s) mapped at: [0x0000020c96000000-0x0000020c96bb0000-0x0000020c96bb0000), size 12255232, SharedBaseAddress: 0x0000020c96000000, ArchiveRelocationMode: 1.
Compressed class space mapped at: 0x0000020c97000000-0x0000020cd7000000, reserved size: 1073741824
Narrow klass base: 0x0000020c96000000, Narrow klass shift: 0, Narrow klass range: 0x100000000

GC Precious Log:
 CPUs: 8 total, 8 available
 Memory: 16190M
 Large Page Support: Disabled
 NUMA Support: Disabled
 Compressed Oops: Enabled (Zero based)
 Heap Region Size: 2M
 Heap Min Capacity: 8M
 Heap Initial Capacity: 254M
 Heap Max Capacity: 4048M
 Pre-touch: Disabled
 Parallel Workers: 8
 Concurrent Workers: 2
 Concurrent Refinement Workers: 8
 Periodic GC: Disabled

Heap:
 garbage-first heap   total 36864K, used 21035K [0x0000000703000000, 0x0000000800000000)
  region size 2048K, 5 young (10240K), 1 survivors (2048K)
 Metaspace       used 28967K, committed 29184K, reserved 1114112K
  class space    used 2684K, committed 2816K, reserved 1048576K

Heap Regions: E=young(eden), S=young(survivor), O=old, HS=humongous(starts), HC=humongous(continues), CS=collection set, F=free, OA=open archive, CA=closed archive, TAMS=top-at-mark-start (previous, next)
|   0|0x0000000703000000, 0x0000000703200000, 0x0000000703200000|100%| O|  |TAMS 0x0000000703200000, 0x0000000703000000| Untracked 
|   1|0x0000000703200000, 0x000000070325a600, 0x0000000703400000| 17%| O|  |TAMS 0x0000000703200000, 0x0000000703200000| Untracked 
|   2|0x0000000703400000, 0x0000000703400000, 0x0000000703600000|  0%| F|  |TAMS 0x0000000703400000, 0x0000000703400000| Untracked 
|   3|0x0000000703600000, 0x0000000703600000, 0x0000000703800000|  0%| F|  |TAMS 0x0000000703600000, 0x0000000703600000| Untracked 
|   4|0x0000000703800000, 0x0000000703a00000, 0x0000000703a00000|100%| O|  |TAMS 0x0000000703a00000, 0x0000000703800000| Untracked 
|   5|0x0000000703a00000, 0x0000000703a00000, 0x0000000703c00000|  0%| F|  |TAMS 0x0000000703a00000, 0x0000000703a00000| Untracked 
|   6|0x0000000703c00000, 0x0000000703c30740, 0x0000000703e00000|  9%| S|CS|TAMS 0x0000000703c00000, 0x0000000703c00000| Complete 
|   7|0x0000000703e00000, 0x0000000704000000, 0x0000000704000000|100%| O|  |TAMS 0x0000000703f56800, 0x0000000703e00000| Untracked 
|   8|0x0000000704000000, 0x0000000704000000, 0x0000000704200000|  0%| F|  |TAMS 0x0000000704000000, 0x0000000704000000| Untracked 
|   9|0x0000000704200000, 0x0000000704200000, 0x0000000704400000|  0%| F|  |TAMS 0x0000000704200000, 0x0000000704200000| Untracked 
|  10|0x0000000704400000, 0x0000000704488ef0, 0x0000000704600000| 26%| E|  |TAMS 0x0000000704400000, 0x0000000704400000| Complete 
|  11|0x0000000704600000, 0x0000000704800000, 0x0000000704800000|100%|HS|  |TAMS 0x0000000704800000, 0x0000000704600000| Complete 
|  12|0x0000000704800000, 0x0000000704a00000, 0x0000000704a00000|100%|HC|  |TAMS 0x0000000704a00000, 0x0000000704800000| Complete 
|  13|0x0000000704a00000, 0x0000000704c00000, 0x0000000704c00000|100%|HC|  |TAMS 0x0000000704c00000, 0x0000000704a00000| Complete 
|  14|0x0000000704c00000, 0x0000000704e00000, 0x0000000704e00000|100%|HC|  |TAMS 0x0000000704e00000, 0x0000000704c00000| Complete 
| 118|0x0000000711c00000, 0x0000000711e00000, 0x0000000711e00000|100%| E|CS|TAMS 0x0000000711c00000, 0x0000000711c00000| Complete 
| 119|0x0000000711e00000, 0x0000000712000000, 0x0000000712000000|100%| E|CS|TAMS 0x0000000711e00000, 0x0000000711e00000| Complete 
| 126|0x0000000712c00000, 0x0000000712e00000, 0x0000000712e00000|100%| E|CS|TAMS 0x0000000712c00000, 0x0000000712c00000| Complete 

Card table byte_map: [0x0000020cfaf70000,0x0000020cfb760000] _byte_map_base: 0x0000020cf7758000

Marking Bits (Prev, Next): (CMBitMap*) 0x0000020cf2979440, (CMBitMap*) 0x0000020cf2979480
 Prev Bits: [0x0000020cfbf50000, 0x0000020cffe90000)
 Next Bits: [0x0000020c8f000000, 0x0000020c92f40000)

Polling page: 0x0000020cf0730000

Metaspace:

Usage:
  Non-class:     25.67 MB used.
      Class:      2.62 MB used.
       Both:     28.29 MB used.

Virtual space:
  Non-class space:       64.00 MB reserved,      25.75 MB ( 40%) committed,  1 nodes.
      Class space:        1.00 GB reserved,       2.75 MB ( <1%) committed,  1 nodes.
             Both:        1.06 GB reserved,      28.50 MB (  3%) committed. 

Chunk freelists:
   Non-Class:  6.00 MB
       Class:  13.16 MB
        Both:  19.16 MB

MaxMetaspaceSize: unlimited
CompressedClassSpaceSize: 1.00 GB
Initial GC threshold: 21.00 MB
Current GC threshold: 46.56 MB
CDS: on
MetaspaceReclaimPolicy: balanced
 - commit_granule_bytes: 65536.
 - commit_granule_words: 8192.
 - virtual_space_node_default_size: 8388608.
 - enlarge_chunks_in_place: 1.
 - new_chunks_are_fully_committed: 0.
 - uncommit_free_chunks: 1.
 - use_allocation_guard: 0.
 - handle_deallocations: 1.


Internal statistics:

num_allocs_failed_limit: 3.
num_arena_births: 216.
num_arena_deaths: 0.
num_vsnodes_births: 2.
num_vsnodes_deaths: 0.
num_space_committed: 452.
num_space_uncommitted: 0.
num_chunks_returned_to_freelist: 3.
num_chunks_taken_from_freelist: 983.
num_chunk_merges: 3.
num_chunk_splits: 773.
num_chunks_enlarged: 664.
num_inconsistent_stats: 0.

CodeHeap 'non-profiled nmethods': size=120000Kb used=2059Kb max_used=2059Kb free=117940Kb
 bounds [0x0000020c87ad0000, 0x0000020c87d40000, 0x0000020c8f000000]
CodeHeap 'profiled nmethods': size=120000Kb used=10422Kb max_used=10422Kb free=109577Kb
 bounds [0x0000020c80000000, 0x0000020c80a30000, 0x0000020c87530000]
CodeHeap 'non-nmethods': size=5760Kb used=2157Kb max_used=2222Kb free=3602Kb
 bounds [0x0000020c87530000, 0x0000020c877a0000, 0x0000020c87ad0000]
 total_blobs=6288 nmethods=4566 adapters=1634
 compilation: enabled
              stopped_count=0, restarted_count=0
 full_count=0

Compilation events (20 events):
Event: 110.163 Thread 0x0000020c9510d700 4557       3       io.github.ukemeikot.flicksoccer.ui.game.GameViewModel$startLoop$1::invokeSuspend (209 bytes)
Event: 110.164 Thread 0x0000020c9510d700 nmethod 4557 0x0000020c80a1e290 code [0x0000020c80a1e620, 0x0000020c80a1ffa8]
Event: 111.973 Thread 0x0000020c9510d700 4558       1       java.awt.Component::getObjectLock (5 bytes)
Event: 111.973 Thread 0x0000020c9510d700 nmethod 4558 0x0000020c87cd2190 code [0x0000020c87cd2320, 0x0000020c87cd23f8]
Event: 111.977 Thread 0x0000020c9510d700 4559       3       androidx.compose.runtime.SlotWriter::anchorIndex (29 bytes)
Event: 111.978 Thread 0x0000020c9510d700 nmethod 4559 0x0000020c80a20710 code [0x0000020c80a20940, 0x0000020c80a21078]
Event: 111.978 Thread 0x0000020c9510d700 4560       3       androidx.compose.ui.node.NodeKindKt::autoInvalidateNodeSelf (482 bytes)
Event: 111.984 Thread 0x0000020c9510b960 4566       4       kotlinx.coroutines.JobSupport::getState$kotlinx_coroutines_core (8 bytes)
Event: 111.984 Thread 0x0000020c9510b960 nmethod 4566 0x0000020c87cd2490 code [0x0000020c87cd2600, 0x0000020c87cd2678]
Event: 111.986 Thread 0x0000020c9510d700 nmethod 4560 0x0000020c80a21390 code [0x0000020c80a22100, 0x0000020c80a2a578]
Event: 111.986 Thread 0x0000020c9510d700 4562       3       kotlinx.coroutines.JobSupport::onCancelling (1 bytes)
Event: 111.986 Thread 0x0000020c9510d700 nmethod 4562 0x0000020c80a2cb90 code [0x0000020c80a2cd20, 0x0000020c80a2ce38]
Event: 111.986 Thread 0x0000020c9510d700 4565       3       kotlinx.coroutines.JobSupportKt::access$getCOMPLETING_ALREADY$p (4 bytes)
Event: 111.986 Thread 0x0000020c9510d700 nmethod 4565 0x0000020c80a2cf10 code [0x0000020c80a2d0a0, 0x0000020c80a2d198]
Event: 111.986 Thread 0x0000020c9510d700 4561       3       kotlinx.coroutines.JobSupport$Finishing::isCancelling (13 bytes)
Event: 111.987 Thread 0x0000020c9510d700 nmethod 4561 0x0000020c80a2d210 code [0x0000020c80a2d400, 0x0000020c80a2d908]
Event: 111.987 Thread 0x0000020c9510d700 4563       1       androidx.compose.ui.node.LayoutNodeLayoutDelegate$MeasurePassDelegate::setPlaced$ui (6 bytes)
Event: 111.987 Thread 0x0000020c9510d700 nmethod 4563 0x0000020c87cd2790 code [0x0000020c87cd2920, 0x0000020c87cd29f8]
Event: 111.987 Thread 0x0000020c9510d700 4564       1       androidx.compose.ui.node.LayoutNode::access$setIgnoreRemeasureRequests$p (6 bytes)
Event: 111.987 Thread 0x0000020c9510d700 nmethod 4564 0x0000020c87cd2a90 code [0x0000020c87cd2c20, 0x0000020c87cd2cd8]

GC Heap History (20 events):
Event: 71.757 GC heap before
{Heap before GC invocations=22 (full 0):
 garbage-first heap   total 36864K, used 27012K [0x0000000703000000, 0x0000000800000000)
  region size 2048K, 7 young (14336K), 1 survivors (2048K)
 Metaspace       used 28465K, committed 28736K, reserved 1114112K
  class space    used 2674K, committed 2816K, reserved 1048576K
}
Event: 71.759 GC heap after
{Heap after GC invocations=23 (full 0):
 garbage-first heap   total 36864K, used 14725K [0x0000000703000000, 0x0000000800000000)
  region size 2048K, 1 young (2048K), 1 survivors (2048K)
 Metaspace       used 28465K, committed 28736K, reserved 1114112K
  class space    used 2674K, committed 2816K, reserved 1048576K
}
Event: 77.417 GC heap before
{Heap before GC invocations=23 (full 0):
 garbage-first heap   total 36864K, used 27013K [0x0000000703000000, 0x0000000800000000)
  region size 2048K, 7 young (14336K), 1 survivors (2048K)
 Metaspace       used 28465K, committed 28736K, reserved 1114112K
  class space    used 2674K, committed 2816K, reserved 1048576K
}
Event: 77.420 GC heap after
{Heap after GC invocations=24 (full 0):
 garbage-first heap   total 36864K, used 14701K [0x0000000703000000, 0x0000000800000000)
  region size 2048K, 1 young (2048K), 1 survivors (2048K)
 Metaspace       used 28465K, committed 28736K, reserved 1114112K
  class space    used 2674K, committed 2816K, reserved 1048576K
}
Event: 83.003 GC heap before
{Heap before GC invocations=24 (full 0):
 garbage-first heap   total 36864K, used 26989K [0x0000000703000000, 0x0000000800000000)
  region size 2048K, 7 young (14336K), 1 survivors (2048K)
 Metaspace       used 28465K, committed 28736K, reserved 1114112K
  class space    used 2674K, committed 2816K, reserved 1048576K
}
Event: 83.005 GC heap after
{Heap after GC invocations=25 (full 0):
 garbage-first heap   total 36864K, used 14717K [0x0000000703000000, 0x0000000800000000)
  region size 2048K, 1 young (2048K), 1 survivors (2048K)
 Metaspace       used 28465K, committed 28736K, reserved 1114112K
  class space    used 2674K, committed 2816K, reserved 1048576K
}
Event: 88.381 GC heap before
{Heap before GC invocations=25 (full 0):
 garbage-first heap   total 36864K, used 27005K [0x0000000703000000, 0x0000000800000000)
  region size 2048K, 7 young (14336K), 1 survivors (2048K)
 Metaspace       used 28466K, committed 28736K, reserved 1114112K
  class space    used 2674K, committed 2816K, reserved 1048576K
}
Event: 88.385 GC heap after
{Heap after GC invocations=26 (full 0):
 garbage-first heap   total 36864K, used 14755K [0x0000000703000000, 0x0000000800000000)
  region size 2048K, 1 young (2048K), 1 survivors (2048K)
 Metaspace       used 28466K, committed 28736K, reserved 1114112K
  class space    used 2674K, committed 2816K, reserved 1048576K
}
Event: 93.775 GC heap before
{Heap before GC invocations=26 (full 0):
 garbage-first heap   total 36864K, used 27043K [0x0000000703000000, 0x0000000800000000)
  region size 2048K, 7 young (14336K), 1 survivors (2048K)
 Metaspace       used 28466K, committed 28736K, reserved 1114112K
  class space    used 2674K, committed 2816K, reserved 1048576K
}
Event: 93.776 GC heap after
{Heap after GC invocations=27 (full 0):
 garbage-first heap   total 36864K, used 14724K [0x0000000703000000, 0x0000000800000000)
  region size 2048K, 1 young (2048K), 1 survivors (2048K)
 Metaspace       used 28466K, committed 28736K, reserved 1114112K
  class space    used 2674K, committed 2816K, reserved 1048576K
}
Event: 98.941 GC heap before
{Heap before GC invocations=27 (full 0):
 garbage-first heap   total 36864K, used 27012K [0x0000000703000000, 0x0000000800000000)
  region size 2048K, 7 young (14336K), 1 survivors (2048K)
 Metaspace       used 28466K, committed 28736K, reserved 1114112K
  class space    used 2674K, committed 2816K, reserved 1048576K
}
Event: 98.943 GC heap after
{Heap after GC invocations=28 (full 0):
 garbage-first heap   total 36864K, used 14726K [0x0000000703000000, 0x0000000800000000)
  region size 2048K, 1 young (2048K), 1 survivors (2048K)
 Metaspace       used 28466K, committed 28736K, reserved 1114112K
  class space    used 2674K, committed 2816K, reserved 1048576K
}
Event: 101.776 GC heap before
{Heap before GC invocations=28 (full 0):
 garbage-first heap   total 36864K, used 27014K [0x0000000703000000, 0x0000000800000000)
  region size 2048K, 7 young (14336K), 1 survivors (2048K)
 Metaspace       used 28583K, committed 28864K, reserved 1114112K
  class space    used 2676K, committed 2816K, reserved 1048576K
}
Event: 101.779 GC heap after
{Heap after GC invocations=29 (full 0):
 garbage-first heap   total 36864K, used 14737K [0x0000000703000000, 0x0000000800000000)
  region size 2048K, 1 young (2048K), 1 survivors (2048K)
 Metaspace       used 28583K, committed 28864K, reserved 1114112K
  class space    used 2676K, committed 2816K, reserved 1048576K
}
Event: 104.664 GC heap before
{Heap before GC invocations=29 (full 0):
 garbage-first heap   total 36864K, used 27025K [0x0000000703000000, 0x0000000800000000)
  region size 2048K, 7 young (14336K), 1 survivors (2048K)
 Metaspace       used 28677K, committed 28928K, reserved 1114112K
  class space    used 2676K, committed 2816K, reserved 1048576K
}
Event: 104.665 GC heap after
{Heap after GC invocations=30 (full 0):
 garbage-first heap   total 36864K, used 14759K [0x0000000703000000, 0x0000000800000000)
  region size 2048K, 1 young (2048K), 1 survivors (2048K)
 Metaspace       used 28677K, committed 28928K, reserved 1114112K
  class space    used 2676K, committed 2816K, reserved 1048576K
}
Event: 107.573 GC heap before
{Heap before GC invocations=30 (full 0):
 garbage-first heap   total 36864K, used 27047K [0x0000000703000000, 0x0000000800000000)
  region size 2048K, 7 young (14336K), 1 survivors (2048K)
 Metaspace       used 28795K, committed 29056K, reserved 1114112K
  class space    used 2676K, committed 2816K, reserved 1048576K
}
Event: 107.574 GC heap after
{Heap after GC invocations=31 (full 0):
 garbage-first heap   total 36864K, used 14803K [0x0000000703000000, 0x0000000800000000)
  region size 2048K, 1 young (2048K), 1 survivors (2048K)
 Metaspace       used 28795K, committed 29056K, reserved 1114112K
  class space    used 2676K, committed 2816K, reserved 1048576K
}
Event: 110.335 GC heap before
{Heap before GC invocations=31 (full 0):
 garbage-first heap   total 36864K, used 27091K [0x0000000703000000, 0x0000000800000000)
  region size 2048K, 7 young (14336K), 1 survivors (2048K)
 Metaspace       used 28901K, committed 29184K, reserved 1114112K
  class space    used 2678K, committed 2816K, reserved 1048576K
}
Event: 110.336 GC heap after
{Heap after GC invocations=32 (full 0):
 garbage-first heap   total 36864K, used 14891K [0x0000000703000000, 0x0000000800000000)
  region size 2048K, 1 young (2048K), 1 survivors (2048K)
 Metaspace       used 28901K, committed 29184K, reserved 1114112K
  class space    used 2678K, committed 2816K, reserved 1048576K
}

Dll operation events (13 events):
Event: 0.042 Loaded shared library C:\Program Files\Microsoft\jdk-17.0.18.8-hotspot\bin\java.dll
Event: 0.111 Loaded shared library C:\Program Files\Microsoft\jdk-17.0.18.8-hotspot\bin\jsvml.dll
Event: 0.528 Loaded shared library C:\Program Files\Microsoft\jdk-17.0.18.8-hotspot\bin\net.dll
Event: 0.533 Loaded shared library C:\Program Files\Microsoft\jdk-17.0.18.8-hotspot\bin\nio.dll
Event: 0.544 Loaded shared library C:\Program Files\Microsoft\jdk-17.0.18.8-hotspot\bin\zip.dll
Event: 0.904 Loaded shared library C:\Program Files\Microsoft\jdk-17.0.18.8-hotspot\bin\jimage.dll
Event: 0.947 Loaded shared library C:\Users\TechnologyDeveloper3\.skiko\5e2d47dc6f30cc62b3f26c2ee7c79b523cd543bb4eb39095f73a18ebe82c58d4\skiko-windows-x64.dll
Event: 1.040 Loaded shared library C:\Program Files\Microsoft\jdk-17.0.18.8-hotspot\bin\awt.dll
Event: 1.936 Loaded shared library C:\Program Files\Microsoft\jdk-17.0.18.8-hotspot\bin\freetype.dll
Event: 1.941 Loaded shared library C:\Program Files\Microsoft\jdk-17.0.18.8-hotspot\bin\fontmanager.dll
Event: 3.224 Loaded shared library C:\Program Files\Microsoft\jdk-17.0.18.8-hotspot\bin\prefs.dll
Event: 9.420 Loaded shared library C:\Users\TechnologyDeveloper3\AppData\Local\Temp\lwjglTechnologyDeveloper3\3.3.1-build-7\lwjgl.dll
Event: 10.024 Loaded shared library C:\Users\TechnologyDeveloper3\AppData\Local\Temp\lwjglTechnologyDeveloper3\3.3.1-build-7\lwjgl_opengl.dll

Deoptimization events (20 events):
Event: 111.972 Thread 0x0000020cdb751a80 Uncommon trap: trap_request=0xffffff45 fr.pc=0x0000020c87c008e8 relative=0x0000000000000048
Event: 111.972 Thread 0x0000020cdb751a80 Uncommon trap: reason=unstable_if action=reinterpret pc=0x0000020c87c008e8 method=java.security.AccessController.getContext()Ljava/security/AccessControlContext; @ 5 c2
Event: 111.972 Thread 0x0000020cdb751a80 DEOPT PACKING pc=0x0000020c87c008e8 sp=0x0000001a897fda40
Event: 111.972 Thread 0x0000020cdb751a80 DEOPT UNPACKING pc=0x0000020c875869a3 sp=0x0000001a897fd9d8 mode 2
Event: 111.972 Thread 0x0000020cdb751a80 Uncommon trap: trap_request=0xffffff45 fr.pc=0x0000020c87c05b58 relative=0x00000000000038d8
Event: 111.972 Thread 0x0000020cdb751a80 Uncommon trap: reason=unstable_if action=reinterpret pc=0x0000020c87c05b58 method=java.awt.EventQueue.getPriority(Ljava/awt/AWTEvent;)I @ 4 c2
Event: 111.972 Thread 0x0000020cdb751a80 DEOPT PACKING pc=0x0000020c87c05b58 sp=0x0000001a897fded0
Event: 111.972 Thread 0x0000020cdb751a80 DEOPT UNPACKING pc=0x0000020c875869a3 sp=0x0000001a897fdd88 mode 2
Event: 111.972 Thread 0x0000020cdb751a80 Uncommon trap: trap_request=0xffffff45 fr.pc=0x0000020c87c12398 relative=0x0000000000000078
Event: 111.972 Thread 0x0000020cdb751a80 Uncommon trap: reason=unstable_if action=reinterpret pc=0x0000020c87c12398 method=java.awt.EventQueue.eventToCacheIndex(Ljava/awt/AWTEvent;)I @ 71 c2
Event: 111.973 Thread 0x0000020cdb751a80 DEOPT PACKING pc=0x0000020c87c12398 sp=0x0000001a897fdcc0
Event: 111.973 Thread 0x0000020cdb751a80 DEOPT UNPACKING pc=0x0000020c875869a3 sp=0x0000001a897fdc58 mode 2
Event: 111.978 Thread 0x0000020cdb751a80 Uncommon trap: trap_request=0xffffff45 fr.pc=0x0000020c87c67f2c relative=0x000000000000068c
Event: 111.978 Thread 0x0000020cdb751a80 Uncommon trap: reason=unstable_if action=reinterpret pc=0x0000020c87c67f2c method=kotlinx.coroutines.CancellableContinuationImpl.resumeImpl$kotlinx_coroutines_core(Ljava/lang/Object;ILkotlin/jvm/functions/Function3;)V @ 28 c2
Event: 111.978 Thread 0x0000020cdb751a80 DEOPT PACKING pc=0x0000020c87c67f2c sp=0x0000001a897fc8e0
Event: 111.978 Thread 0x0000020cdb751a80 DEOPT UNPACKING pc=0x0000020c875869a3 sp=0x0000001a897fc880 mode 2
Event: 111.990 Thread 0x0000020cdb7529b0 Uncommon trap: trap_request=0xffffff45 fr.pc=0x0000020c87c5757c relative=0x000000000000005c
Event: 111.990 Thread 0x0000020cdb7529b0 Uncommon trap: reason=unstable_if action=reinterpret pc=0x0000020c87c5757c method=java.util.concurrent.atomic.AtomicBoolean.get()Z @ 4 c2
Event: 111.990 Thread 0x0000020cdb7529b0 DEOPT PACKING pc=0x0000020c87c5757c sp=0x0000001a8a8ff140
Event: 111.990 Thread 0x0000020cdb7529b0 DEOPT UNPACKING pc=0x0000020c875869a3 sp=0x0000001a8a8ff0d0 mode 2

Classes loaded (20 events):
Event: 9.495 Loading class java/util/LinkedHashMap$LinkedValues
Event: 9.495 Loading class java/util/LinkedHashMap$LinkedValues done
Event: 9.496 Loading class java/util/LinkedHashMap$LinkedValueIterator
Event: 9.496 Loading class java/util/LinkedHashMap$LinkedValueIterator done
Event: 9.580 Loading class sun/invoke/util/VerifyAccess$1
Event: 9.580 Loading class sun/invoke/util/VerifyAccess$1 done
Event: 10.341 Loading class java/lang/Throwable$WrappedPrintStream
Event: 10.341 Loading class java/lang/Throwable$PrintStreamOrWriter
Event: 10.341 Loading class java/lang/Throwable$PrintStreamOrWriter done
Event: 10.341 Loading class java/lang/Throwable$WrappedPrintStream done
Event: 10.341 Loading class java/lang/StackTraceElement$HashedModules
Event: 10.342 Loading class java/lang/StackTraceElement$HashedModules done
Event: 34.161 Loading class java/security/DomainCombiner
Event: 34.162 Loading class java/security/DomainCombiner done
Event: 111.971 Loading class java/awt/KeyboardFocusManager$2
Event: 111.971 Loading class java/awt/KeyboardFocusManager$2 done
Event: 111.972 Loading class sun/awt/SunToolkit$1
Event: 111.972 Loading class sun/awt/SunToolkit$1 done
Event: 111.984 Loading class java/awt/Window$1DisposeAction
Event: 111.984 Loading class java/awt/Window$1DisposeAction done

Classes unloaded (0 events):
No events

Classes redefined (0 events):
No events

Internal exceptions (20 events):
Event: 9.009 Thread 0x0000020cdb751a80 Exception <a 'sun/nio/fs/WindowsException'{0x000000070424ca60}> (0x000000070424ca60) 
thrown [s\src\hotspot\share\prims\jni.cpp, line 516]
Event: 9.429 Thread 0x0000020cdb751a80 Exception <a 'java/lang/NoSuchMethodError'{0x0000000704277d90}: 'int java.lang.invoke.DirectMethodHandle$Holder.invokeStaticInit(java.lang.Object, java.lang.Object, int, long)'> (0x0000000704277d90) 
thrown [s\src\hotspot\share\interpreter\linkResolver.cpp, line 759]
Event: 9.433 Thread 0x0000020cdb751a80 Exception <a 'java/lang/NoSuchMethodError'{0x000000070428b2d8}: 'int java.lang.invoke.DirectMethodHandle$Holder.invokeStaticInit(java.lang.Object, java.lang.Object, long, long)'> (0x000000070428b2d8) 
thrown [s\src\hotspot\share\interpreter\linkResolver.cpp, line 759]
Event: 9.435 Thread 0x0000020cdb751a80 Exception <a 'java/lang/NoSuchMethodError'{0x00000007042914d8}: 'java.lang.Object java.lang.invoke.DirectMethodHandle$Holder.newInvokeSpecial(java.lang.Object, java.lang.Object, long)'> (0x00000007042914d8) 
thrown [s\src\hotspot\share\interpreter\linkResolver.cpp, line 759]
Event: 9.435 Thread 0x0000020cdb751a80 Exception <a 'java/lang/NoSuchMethodError'{0x00000007042952f0}: 'java.lang.Object java.lang.invoke.Invokers$Holder.linkToTargetMethod(java.lang.Object, long, java.lang.Object)'> (0x00000007042952f0) 
thrown [s\src\hotspot\share\interpreter\linkResolver.cpp, line 759]
Event: 9.436 Thread 0x0000020cdb751a80 Exception <a 'java/lang/NoSuchMethodError'{0x000000070429ce40}: 'int java.lang.invoke.DirectMethodHandle$Holder.invokeStaticInit(java.lang.Object, java.lang.Object, java.lang.Object, long)'> (0x000000070429ce40) 
thrown [s\src\hotspot\share\interpreter\linkResolver.cpp, line 759]
Event: 9.458 Thread 0x0000020cdb751a80 Exception <a 'sun/nio/fs/WindowsException'{0x00000007042f7198}> (0x00000007042f7198) 
thrown [s\src\hotspot\share\prims\jni.cpp, line 516]
Event: 9.458 Thread 0x0000020cdb751a80 Exception <a 'sun/nio/fs/WindowsException'{0x00000007042f74c8}> (0x00000007042f74c8) 
thrown [s\src\hotspot\share\prims\jni.cpp, line 516]
Event: 9.471 Thread 0x0000020cdb751a80 Exception <a 'java/lang/NoSuchMethodError'{0x0000000704345b00}: 'void java.lang.invoke.DirectMethodHandle$Holder.invokeStatic(java.lang.Object, java.lang.Object, java.lang.Object, java.lang.Object)'> (0x0000000704345b00) 
thrown [s\src\hotspot\share\interpreter\linkResolver.cpp, line 759]
Event: 9.597 Thread 0x0000020cdb7529b0 Exception <a 'sun/nio/fs/WindowsException'{0x00000007041e2188}> (0x00000007041e2188) 
thrown [s\src\hotspot\share\prims\jni.cpp, line 516]
Event: 9.597 Thread 0x0000020cdb7529b0 Exception <a 'sun/nio/fs/WindowsException'{0x00000007041e24e8}> (0x00000007041e24e8) 
thrown [s\src\hotspot\share\prims\jni.cpp, line 516]
Event: 9.610 Thread 0x0000020cdb7529b0 Exception <a 'sun/nio/fs/WindowsException'{0x0000000703e0ade0}> (0x0000000703e0ade0) 
thrown [s\src\hotspot\share\prims\jni.cpp, line 516]
Event: 9.611 Thread 0x0000020cdb7529b0 Exception <a 'sun/nio/fs/WindowsException'{0x0000000703e0b110}> (0x0000000703e0b110) 
thrown [s\src\hotspot\share\prims\jni.cpp, line 516]
Event: 9.682 Thread 0x0000020cdb7529b0 Exception <a 'sun/nio/fs/WindowsException'{0x0000000703e316b0}> (0x0000000703e316b0) 
thrown [s\src\hotspot\share\prims\jni.cpp, line 516]
Event: 9.682 Thread 0x0000020cdb7529b0 Exception <a 'sun/nio/fs/WindowsException'{0x0000000703e31e30}> (0x0000000703e31e30) 
thrown [s\src\hotspot\share\prims\jni.cpp, line 516]
Event: 9.683 Thread 0x0000020cdb7529b0 Exception <a 'sun/nio/fs/WindowsException'{0x0000000703e39078}> (0x0000000703e39078) 
thrown [s\src\hotspot\share\prims\jni.cpp, line 516]
Event: 9.808 Thread 0x0000020cdb7529b0 Exception <a 'sun/nio/fs/WindowsException'{0x0000000703e39fe0}> (0x0000000703e39fe0) 
thrown [s\src\hotspot\share\prims\jni.cpp, line 516]
Event: 9.808 Thread 0x0000020cdb7529b0 Exception <a 'sun/nio/fs/WindowsException'{0x0000000703e3a3f0}> (0x0000000703e3a3f0) 
thrown [s\src\hotspot\share\prims\jni.cpp, line 516]
Event: 10.027 Thread 0x0000020cdb7529b0 Exception <a 'sun/nio/fs/WindowsException'{0x0000000703e41458}> (0x0000000703e41458) 
thrown [s\src\hotspot\share\prims\jni.cpp, line 516]
Event: 10.027 Thread 0x0000020cdb7529b0 Exception <a 'sun/nio/fs/WindowsException'{0x0000000703e417a8}> (0x0000000703e417a8) 
thrown [s\src\hotspot\share\prims\jni.cpp, line 516]

VM Operations (20 events):
Event: 101.776 Executing VM operation: G1CollectForAllocation
Event: 101.779 Executing VM operation: G1CollectForAllocation done
Event: 102.779 Executing VM operation: Cleanup
Event: 102.779 Executing VM operation: Cleanup done
Event: 104.664 Executing VM operation: G1CollectForAllocation
Event: 104.665 Executing VM operation: G1CollectForAllocation done
Event: 105.665 Executing VM operation: Cleanup
Event: 105.666 Executing VM operation: Cleanup done
Event: 106.666 Executing VM operation: Cleanup
Event: 106.666 Executing VM operation: Cleanup done
Event: 107.573 Executing VM operation: G1CollectForAllocation
Event: 107.574 Executing VM operation: G1CollectForAllocation done
Event: 107.650 Executing VM operation: HandshakeAllThreads
Event: 107.651 Executing VM operation: HandshakeAllThreads done
Event: 108.650 Executing VM operation: Cleanup
Event: 108.650 Executing VM operation: Cleanup done
Event: 109.650 Executing VM operation: Cleanup
Event: 109.650 Executing VM operation: Cleanup done
Event: 110.335 Executing VM operation: G1CollectForAllocation
Event: 110.336 Executing VM operation: G1CollectForAllocation done

Memory protections (0 events):
No events

Nmethod flushes (0 events):
No events

Events (20 events):
Event: 1.385 Thread 0x0000020c9510d700 Thread added: 0x0000020cdb3a44d0
Event: 1.449 Thread 0x0000020cf290dde0 Thread added: 0x0000020c95103830
Event: 1.449 Thread 0x0000020cf290dde0 Thread added: 0x0000020c95103d40
Event: 1.450 Thread 0x0000020c95103830 Thread added: 0x0000020c95104760
Event: 1.462 Thread 0x0000020cf290dde0 Thread added: 0x0000020c95104c70
Event: 1.476 Thread 0x0000020c95103830 Thread added: 0x0000020c95105690
Event: 1.547 Thread 0x0000020cf290dde0 Thread added: 0x0000020cdb751a80
Event: 2.106 Thread 0x0000020cdb751a80 Thread added: 0x0000020cdb750640
Event: 2.404 Thread 0x0000020cdb3a44d0 Thread exited: 0x0000020cdb3a44d0
Event: 3.061 Thread 0x0000020c9510d700 Thread added: 0x0000020cdd0a6b50
Event: 3.379 Thread 0x0000020cdd0a6b50 Thread exited: 0x0000020cdd0a6b50
Event: 4.163 Thread 0x0000020cdb751a80 Thread added: 0x0000020cdb751570
Event: 8.710 Thread 0x0000020c9510d700 Thread added: 0x0000020cdd454d50
Event: 9.010 Thread 0x0000020cdd454d50 Thread exited: 0x0000020cdd454d50
Event: 9.473 Thread 0x0000020cdb751a80 Thread added: 0x0000020cdb7529b0
Event: 16.087 Thread 0x0000020c9510b960 Thread added: 0x0000020ce735c5e0
Event: 16.249 Thread 0x0000020ce735c5e0 Thread exited: 0x0000020ce735c5e0
Event: 84.737 Thread 0x0000020cdb751570 Thread exited: 0x0000020cdb751570
Event: 100.689 Thread 0x0000020cdb751a80 Thread added: 0x0000020cdb751570
Event: 111.991 Thread 0x0000020cdb7529b0 Thread exited: 0x0000020cdb7529b0


Dynamic libraries:
0x00007ff75d6a0000 - 0x00007ff75d6ae000 	C:\Program Files\Microsoft\jdk-17.0.18.8-hotspot\bin\java.exe
0x00007ffd77be0000 - 0x00007ffd77e46000 	C:\WINDOWS\SYSTEM32\ntdll.dll
0x00007ffd777f0000 - 0x00007ffd778b9000 	C:\WINDOWS\System32\KERNEL32.DLL
0x00007ffd750a0000 - 0x00007ffd7549e000 	C:\WINDOWS\System32\KERNELBASE.dll
0x00007ffd74c50000 - 0x00007ffd74cef000 	C:\Program Files\Broadcom\Endpoint Security Agent\Definitions\SepAdcDefs\20250925.003\sysfer64.dll
0x00007ffd778c0000 - 0x00007ffd77977000 	C:\WINDOWS\System32\ADVAPI32.dll
0x00007ffd76990000 - 0x00007ffd76a39000 	C:\WINDOWS\System32\msvcrt.dll
0x00007ffd779b0000 - 0x00007ffd77a5a000 	C:\WINDOWS\System32\sechost.dll
0x00007ffd77200000 - 0x00007ffd77318000 	C:\WINDOWS\System32\RPCRT4.dll
0x00007ffd74f40000 - 0x00007ffd7508c000 	C:\WINDOWS\System32\ucrtbase.dll
0x00007ffd64440000 - 0x00007ffd64458000 	C:\Program Files\Microsoft\jdk-17.0.18.8-hotspot\bin\jli.dll
0x00007ffd766b0000 - 0x00007ffd76877000 	C:\WINDOWS\System32\USER32.dll
0x00007ffd758e0000 - 0x00007ffd75907000 	C:\WINDOWS\System32\win32u.dll
0x00007ffd77980000 - 0x00007ffd779ab000 	C:\WINDOWS\System32\GDI32.dll
0x00007ffd754b0000 - 0x00007ffd755da000 	C:\WINDOWS\System32\gdi32full.dll
0x00007ffd74e90000 - 0x00007ffd74f33000 	C:\WINDOWS\System32\msvcp_win.dll
0x00007ffd59600000 - 0x00007ffd5961e000 	C:\Program Files\Microsoft\jdk-17.0.18.8-hotspot\bin\VCRUNTIME140.dll
0x00007ffd57160000 - 0x00007ffd573f2000 	C:\WINDOWS\WinSxS\amd64_microsoft.windows.common-controls_6595b64144ccf1df_6.0.26100.8875_none_3e0d5d42e32fe9dd\COMCTL32.dll
0x00007ffd77320000 - 0x00007ffd77352000 	C:\WINDOWS\System32\IMM32.DLL
0x00007ffd684c0000 - 0x00007ffd684cc000 	C:\Program Files\Microsoft\jdk-17.0.18.8-hotspot\bin\vcruntime140_1.dll
0x00007ffd4ff50000 - 0x00007ffd4ffd9000 	C:\Program Files\Microsoft\jdk-17.0.18.8-hotspot\bin\msvcp140.dll
0x00007ffccd4c0000 - 0x00007ffcce13a000 	C:\Program Files\Microsoft\jdk-17.0.18.8-hotspot\bin\server\jvm.dll
0x00007ffd76610000 - 0x00007ffd76690000 	C:\WINDOWS\System32\WS2_32.dll
0x00007ffd74b30000 - 0x00007ffd74b8e000 	C:\WINDOWS\SYSTEM32\POWRPROF.dll
0x00007ffd5b550000 - 0x00007ffd5b586000 	C:\WINDOWS\SYSTEM32\WINMM.dll
0x00007ffd6f390000 - 0x00007ffd6f39b000 	C:\WINDOWS\SYSTEM32\VERSION.dll
0x00007ffd74b10000 - 0x00007ffd74b24000 	C:\WINDOWS\SYSTEM32\UMPDC.dll
0x00007ffd738d0000 - 0x00007ffd738eb000 	C:\WINDOWS\SYSTEM32\kernel.appcore.dll
0x00007ffd679d0000 - 0x00007ffd679da000 	C:\Program Files\Microsoft\jdk-17.0.18.8-hotspot\bin\jimage.dll
0x00007ffd71f30000 - 0x00007ffd72172000 	C:\WINDOWS\SYSTEM32\DBGHELP.DLL
0x00007ffd77460000 - 0x00007ffd777e3000 	C:\WINDOWS\System32\combase.dll
0x00007ffd77070000 - 0x00007ffd77149000 	C:\WINDOWS\System32\OLEAUT32.dll
0x00007ffd5eaf0000 - 0x00007ffd5eb2b000 	C:\WINDOWS\SYSTEM32\dbgcore.DLL
0x00007ffd756a0000 - 0x00007ffd7574c000 	C:\WINDOWS\System32\bcryptPrimitives.dll
0x00007ffd574d0000 - 0x00007ffd574f6000 	C:\Program Files\Microsoft\jdk-17.0.18.8-hotspot\bin\java.dll
0x00007ffd484c0000 - 0x00007ffd48596000 	C:\Program Files\Microsoft\jdk-17.0.18.8-hotspot\bin\jsvml.dll
0x00007ffd75ad0000 - 0x00007ffd76262000 	C:\WINDOWS\System32\SHELL32.dll
0x00007ffd72490000 - 0x00007ffd72d22000 	C:\WINDOWS\SYSTEM32\windows.storage.dll
0x00007ffd76890000 - 0x00007ffd76987000 	C:\WINDOWS\System32\SHCORE.dll
0x00007ffd77360000 - 0x00007ffd773c7000 	C:\WINDOWS\System32\shlwapi.dll
0x00007ffd74d20000 - 0x00007ffd74d49000 	C:\WINDOWS\SYSTEM32\profapi.dll
0x00007ffd55090000 - 0x00007ffd550ab000 	C:\Program Files\Microsoft\jdk-17.0.18.8-hotspot\bin\net.dll
0x00007ffd738f0000 - 0x00007ffd73a17000 	C:\WINDOWS\SYSTEM32\WINHTTP.dll
0x00007ffd73f90000 - 0x00007ffd73ffc000 	C:\WINDOWS\system32\mswsock.dll
0x00007ffd54b80000 - 0x00007ffd54b96000 	C:\Program Files\Microsoft\jdk-17.0.18.8-hotspot\bin\nio.dll
0x00007ffd57510000 - 0x00007ffd57528000 	C:\Program Files\Microsoft\jdk-17.0.18.8-hotspot\bin\zip.dll
0x00007ffc83aa0000 - 0x00007ffc84b36000 	C:\Users\TechnologyDeveloper3\.skiko\5e2d47dc6f30cc62b3f26c2ee7c79b523cd543bb4eb39095f73a18ebe82c58d4\skiko-windows-x64.dll
0x00007ffd75910000 - 0x00007ffd75aa9000 	C:\WINDOWS\System32\ole32.dll
0x00007ffd718f0000 - 0x00007ffd7191f000 	C:\WINDOWS\SYSTEM32\dwmapi.dll
0x00007ffd714b0000 - 0x00007ffd715b6000 	C:\WINDOWS\SYSTEM32\PROPSYS.dll
0x00007ffccb080000 - 0x00007ffccb216000 	C:\Program Files\Microsoft\jdk-17.0.18.8-hotspot\bin\awt.dll
0x00007ffd711e0000 - 0x00007ffd71280000 	C:\WINDOWS\SYSTEM32\apphelp.dll
0x00007ffd71600000 - 0x00007ffd716a9000 	C:\WINDOWS\system32\uxtheme.dll
0x00007ffd764a0000 - 0x00007ffd765fd000 	C:\WINDOWS\System32\MSCTF.dll
0x00007ffd3b910000 - 0x00007ffd3ba1c000 	C:\WINDOWS\system32\opengl32.dll
0x00007ffd3ced0000 - 0x00007ffd3cefd000 	C:\WINDOWS\SYSTEM32\GLU32.dll
0x00007ffd718a0000 - 0x00007ffd718e6000 	C:\WINDOWS\SYSTEM32\dxcore.dll
0x00007ffd070b0000 - 0x00007ffd07137000 	C:\Program Files\Microsoft\jdk-17.0.18.8-hotspot\bin\freetype.dll
0x00007ffcee600000 - 0x00007ffcee6f1000 	C:\Program Files\Microsoft\jdk-17.0.18.8-hotspot\bin\fontmanager.dll
0x00007ffd6fc50000 - 0x00007ffd6feb7000 	C:\WINDOWS\SYSTEM32\dwrite.dll
0x00007ffd77ae0000 - 0x00007ffd77b8e000 	C:\WINDOWS\System32\clbcatq.dll
0x00007ffd6fa10000 - 0x00007ffd6fc3d000 	C:\WINDOWS\SYSTEM32\WindowsCodecs.dll
0x00007ffd36850000 - 0x00007ffd368ad000 	C:\WINDOWS\system32\dataexchange.dll
0x00007ffd66d30000 - 0x00007ffd66f7f000 	C:\WINDOWS\system32\twinapi.appcore.dll
0x00007ffd57570000 - 0x00007ffd57577000 	C:\Program Files\Microsoft\jdk-17.0.18.8-hotspot\bin\jawt.dll
0x00007ffd71730000 - 0x00007ffd7186e000 	C:\WINDOWS\SYSTEM32\Dxgi.dll
0x00007ffd6e0f0000 - 0x00007ffd6e14f000 	C:\WINDOWS\SYSTEM32\directxdatabasehelper.dll
0x00007ffd74880000 - 0x00007ffd748d1000 	C:\WINDOWS\SYSTEM32\cfgmgr32.dll
0x00007ffd590f0000 - 0x00007ffd59113000 	C:\WINDOWS\SYSTEM32\D3D12.dll
0x00007ffcc8e70000 - 0x00007ffcc91c7000 	C:\WINDOWS\SYSTEM32\D3D12Core.dll
0x00007ffd74cf0000 - 0x00007ffd74d1a000 	C:\WINDOWS\SYSTEM32\bcrypt.dll
0x00007ffd68600000 - 0x00007ffd6bd96000 	C:\WINDOWS\System32\DriverStore\FileRepository\iigd_dch.inf_amd64_ee473bb1b3cf1637\igc64.dll
0x00007ffd6c3d0000 - 0x00007ffd6c7d9000 	C:\WINDOWS\System32\DriverStore\FileRepository\iigd_dch.inf_amd64_ee473bb1b3cf1637\igdgmm64.dll
0x00007ffd528a0000 - 0x00007ffd5297f000 	C:\WINDOWS\SYSTEM32\D3DSCache.dll
0x00007ffd74050000 - 0x00007ffd74082000 	C:\WINDOWS\SYSTEM32\USERENV.dll
0x00007ffc8cb40000 - 0x00007ffc8fc28000 	C:\WINDOWS\System32\DriverStore\FileRepository\iigd_dch.inf_amd64_ee473bb1b3cf1637\igd12dxva64.dll
0x00007ffd76be0000 - 0x00007ffd77067000 	C:\WINDOWS\System32\SETUPAPI.dll
0x00007ffd743c0000 - 0x00007ffd743db000 	C:\WINDOWS\SYSTEM32\CRYPTSP.dll
0x00007ffd73830000 - 0x00007ffd73869000 	C:\WINDOWS\system32\rsaenh.dll
0x00007ffd74200000 - 0x00007ffd7420c000 	C:\WINDOWS\SYSTEM32\CRYPTBASE.dll
0x00007ffd73060000 - 0x00007ffd73093000 	C:\WINDOWS\SYSTEM32\IPHLPAPI.DLL
0x00007ffd766a0000 - 0x00007ffd766aa000 	C:\WINDOWS\System32\NSI.dll
0x00007ffd67180000 - 0x00007ffd6719d000 	C:\WINDOWS\SYSTEM32\dhcpcsvc6.DLL
0x00007ffd67640000 - 0x00007ffd67665000 	C:\WINDOWS\SYSTEM32\dhcpcsvc.DLL
0x00007ffd730a0000 - 0x00007ffd731f6000 	C:\WINDOWS\SYSTEM32\DNSAPI.dll
0x00007ffd73d90000 - 0x00007ffd73d9d000 	C:\WINDOWS\SYSTEM32\DSPARSE.dll
0x00007ffd57560000 - 0x00007ffd57569000 	C:\Program Files\Microsoft\jdk-17.0.18.8-hotspot\bin\prefs.dll
0x00007ffd707a0000 - 0x00007ffd709bf000 	C:\WINDOWS\SYSTEM32\dcomp.dll
0x00007ffd6f560000 - 0x00007ffd6f579000 	C:\WINDOWS\SYSTEM32\Microsoft.Internal.WarpPal.dll
0x00007ffd6f580000 - 0x00007ffd6f9ff000 	C:\WINDOWS\SYSTEM32\d3dcompiler_47.dll
0x00007ffd5b8a0000 - 0x00007ffd5b9e7000 	C:\WINDOWS\SYSTEM32\textinputframework.dll
0x00007ffd11140000 - 0x00007ffd111b5000 	C:\Users\TechnologyDeveloper3\AppData\Local\Temp\lwjglTechnologyDeveloper3\3.3.1-build-7\lwjgl.dll
0x00007ffcd2aa0000 - 0x00007ffcd2c04000 	C:\WINDOWS\SYSTEM32\dxilconv.dll
0x00007ffd5b6c0000 - 0x00007ffd5b6da000 	C:\WINDOWS\SYSTEM32\windows.staterepositorycore.dll
0x00007ffc829f0000 - 0x00007ffc83a9c000 	C:\WINDOWS\System32\DriverStore\FileRepository\iigd_dch.inf_amd64_ee473bb1b3cf1637\ig9icd64.dll
0x00007ffccad20000 - 0x00007ffccae4c000 	C:\WINDOWS\System32\DriverStore\FileRepository\iigd_dch.inf_amd64_ee473bb1b3cf1637\igdml64.dll
0x00007ffcfcbb0000 - 0x00007ffcfcc0d000 	C:\Users\TechnologyDeveloper3\AppData\Local\Temp\lwjglTechnologyDeveloper3\3.3.1-build-7\lwjgl_opengl.dll

dbghelp: loaded successfully - version: 4.0.5 - missing functions: none
symbol engine: initialized successfully - sym options: 0x614 - pdb path: .;C:\Program Files\Microsoft\jdk-17.0.18.8-hotspot\bin;C:\WINDOWS\SYSTEM32;C:\Program Files\Broadcom\Endpoint Security Agent\Definitions\SepAdcDefs\20250925.003;C:\WINDOWS\WinSxS\amd64_microsoft.windows.common-controls_6595b64144ccf1df_6.0.26100.8875_none_3e0d5d42e32fe9dd;C:\Program Files\Microsoft\jdk-17.0.18.8-hotspot\bin\server;C:\Users\TechnologyDeveloper3\.skiko\5e2d47dc6f30cc62b3f26c2ee7c79b523cd543bb4eb39095f73a18ebe82c58d4;C:\WINDOWS\System32\DriverStore\FileRepository\iigd_dch.inf_amd64_ee473bb1b3cf1637;C:\Users\TechnologyDeveloper3\AppData\Local\Temp\lwjglTechnologyDeveloper3\3.3.1-build-7

VM Arguments:
jvm_args: -Dcompose.application.configure.swing.globals=true -Dcompose.application.resources.dir=C:\Users\TechnologyDeveloper3\Desktop\flick-soccer\composeApp\build\compose\tmp\prepareAppResources -Dfile.encoding=UTF-8 -Duser.country=US -Duser.language=en -Duser.variant 
java_command: io.github.ukemeikot.flicksoccer.MainKt
java_class_path (initial): C:\Users\TechnologyDeveloper3\Desktop\flick-soccer\composeApp\build\libs\composeApp-desktop.jar;C:\Users\TechnologyDeveloper3\.gradle\caches\modules-2\files-2.1\org.jetbrains.compose.material3\material3-desktop\1.7.3\46677287ea3e5da18b2ad62cac38b6c3df70c8cd\material3-desktop-1.7.3.jar;C:\Users\TechnologyDeveloper3\.gradle\caches\modules-2\files-2.1\org.jetbrains.compose.components\components-resources-desktop\1.7.3\aeb1cd8677ec680fcf716aecbaf1a2aafc217622\library-desktop-1.7.3.jar;C:\Users\TechnologyDeveloper3\.gradle\caches\modules-2\files-2.1\org.jetbrains.compose.desktop\desktop-jvm\1.7.3\128a1262fd72c68277ebadf308a07ff086206f8e\desktop-jvm-1.7.3.jar;C:\Users\TechnologyDeveloper3\.gradle\caches\modules-2\files-2.1\org.jetbrains.compose.material\material-desktop\1.7.3\e87876e0c6f36990f13cedb09d820469fd6cc371\material-desktop-1.7.3.jar;C:\Users\TechnologyDeveloper3\.gradle\caches\modules-2\files-2.1\org.jetbrains.compose.material\material-ripple-desktop\1.7.3\42b03965266ad123672e8a87f98d914dc8c072bf\material-ripple-desktop-1.7.3.jar;C:\Users\TechnologyDeveloper3\.gradle\caches\modules-2\files-2.1\org.jetbrains.compose.foundation\foundation-desktop\1.7.3\77da4f0c26d63177315b3dce06c48177c5d49704\foundation-desktop-1.7.3.jar;C:\Users\TechnologyDeveloper3\.gradle\caches\modules-2\files-2.1\io.insert-koin\koin-compose-viewmodel-jvm\4.0.0\fb98a558ca8d0447da58a3c4e86737002a5cc13d\koin-compose-viewmodel-jvm-4.0.0.jar;C:\Users\TechnologyDeveloper3\.gradle\caches\modules-2\files-2.1\org.jetbrains.androidx.lifecycle\lifecycle-viewmodel-compose-desktop\2.8.4\ec231eb8e04e4e6b06cc18265468a5589c191c6d\lifecycle-viewmodel-compose-desktop-2.8.4.jar;C:\Users\TechnologyDeveloper3\.gradle\caches\modules-2\files-2.1\org.jetbrains.compose.animation\animation-desktop\1.7.3\c1fec150a3d1eadfe4643a550cbc9c83d106ef98\animation-desktop-1.7.3.jar;C:\Users\TechnologyDeveloper3\.gradle\caches\modules-2\files-2.1\org.jetbrains.compose.foundation\foundation-layout-desk
Launcher Type: SUN_STANDARD

[Global flags]
     intx CICompilerCount                          = 4                                         {product} {ergonomic}
     uint ConcGCThreads                            = 2                                         {product} {ergonomic}
     uint G1ConcRefinementThreads                  = 8                                         {product} {ergonomic}
   size_t G1HeapRegionSize                         = 2097152                                   {product} {ergonomic}
    uintx GCDrainStackTargetSize                   = 64                                        {product} {ergonomic}
   size_t InitialHeapSize                          = 266338304                                 {product} {ergonomic}
   size_t MarkStackSize                            = 4194304                                   {product} {ergonomic}
   size_t MaxHeapSize                              = 4244635648                                {product} {ergonomic}
   size_t MaxNewSize                               = 2545942528                                {product} {ergonomic}
   size_t MinHeapDeltaBytes                        = 2097152                                   {product} {ergonomic}
   size_t MinHeapSize                              = 8388608                                   {product} {ergonomic}
    uintx NonNMethodCodeHeapSize                   = 5839372                                {pd product} {ergonomic}
    uintx NonProfiledCodeHeapSize                  = 122909434                              {pd product} {ergonomic}
    uintx ProfiledCodeHeapSize                     = 122909434                              {pd product} {ergonomic}
    uintx ReservedCodeCacheSize                    = 251658240                              {pd product} {ergonomic}
     bool SegmentedCodeCache                       = true                                      {product} {ergonomic}
   size_t SoftMaxHeapSize                          = 4244635648                             {manageable} {ergonomic}
     bool UseCompressedClassPointers               = true                           {product lp64_product} {ergonomic}
     bool UseCompressedOops                        = true                           {product lp64_product} {ergonomic}
     bool UseG1GC                                  = true                                      {product} {ergonomic}
     bool UseLargePagesIndividualAllocation        = false                                  {pd product} {ergonomic}

Logging:
Log output configuration:
 #0: stdout all=warning uptime,level,tags
 #1: stderr all=off uptime,level,tags

Environment Variables:
JAVA_HOME=C:\Program Files\Microsoft\jdk-17.0.18.8-hotspot
CLASSPATH=C:\Users\TechnologyDeveloper3\Desktop\flick-soccer\\gradle\wrapper\gradle-wrapper.jar
PATH=c:\Users\TechnologyDeveloper3\AppData\Roaming\Code\User\globalStorage\github.copilot-chat\debugCommand;c:\Users\TechnologyDeveloper3\AppData\Roaming\Code\User\globalStorage\github.copilot-chat\copilotCli;C:\Program Files\Microsoft\jdk-17.0.18.8-hotspot\bin;C:\Python314\Scripts\;C:\Python314\;C:\WINDOWS\system32;C:\WINDOWS;C:\WINDOWS\System32\Wbem;C:\WINDOWS\System32\WindowsPowerShell\v1.0\;C:\WINDOWS\System32\OpenSSH\;C:\Program Files\Git\cmd;C:\Program Files\nodejs\;C:\ProgramData\chocolatey\bin;C:\Program Files\dotnet\;C:\Program Files\Go\bin;C:\Program Files\Amazon\AWSCLIV2\;C:\Program Files\GitHub CLI\;C:\Program Files\Docker\Docker\resources\bin;C:\Users\TechnologyDeveloper3\AppData\Local\pnpm;C:\Users\TechnologyDeveloper3\AppData\Local\Programs\Python\Python312\Scripts\;C:\Users\TechnologyDeveloper3\AppData\Local\Programs\Python\Python312\;c:\Users\TechnologyDeveloper3\AppData\Roaming\Code\User\globalStorage\github.copilot-chat\debugCommand;c:\Users\TechnologyDeveloper3\AppData\Roaming\Code\User\globalStorage\github.copilot-chat\copilotCli;C:\Users\TechnologyDeveloper3\AppData\Local\Programs\Microsoft VS Code;C:\Users\TechnologyDeveloper3\AppData\Local\Android\Sdk\platform-tools;C:\Users\TechnologyDeveloper3\AppData\Local\Android\Sdk\emulator;C:\Users\TechnologyDeveloper3\AppData\Roaming\npm;C:\Users\TechnologyDeveloper3\AppData\Local\Programs\cursor\resources\app\bin;C:\Users\TechnologyDeveloper3\.dotnet\tools;C:\Users\TechnologyDeveloper3\AppData\Local\Programs\Microsoft VS Code\bin;C:\Users\TechnologyDeveloper3\AppData\Local\Microsoft\WindowsApps;C:\Users\TechnologyDeveloper3\.bun\bin;C:\Users\TechnologyDeveloper3\AppData\Roaming\Python\Python314\Scripts;C:\Users\TechnologyDeveloper3\AppData\Local\Python\pythoncore-3.14-64\Scripts;C:\Users\TechnologyDeveloper3\go\bin;C:\Users\TechnologyDeveloper3\go\bin;C:\Program Files (x86)\GnuWin32\bin;C:\Users\TechnologyDeveloper3\AppData\Local\Microsoft\WinGet\Packages\Hashicorp.Terraform_Microsoft.Winget.Source_8wekyb3d8bbwe;C:\Users\TechnologyDeveloper3\AppData\Local\Google\Cloud SDK\google-cloud-sdk\bin;c:\Users\TechnologyDeveloper3\.vscode\extensions\vscjava.vscode-java-debug-0.59.0\bundled\scripts\noConfigScripts
USERNAME=TechnologyDeveloper3
LANG=en_US.UTF-8
OS=Windows_NT
PROCESSOR_IDENTIFIER=Intel64 Family 6 Model 142 Stepping 12, GenuineIntel
TMP=C:\Users\TECHNO~1\AppData\Local\Temp
TEMP=C:\Users\TECHNO~1\AppData\Local\Temp



Periodic native trim disabled


---------------  S Y S T E M  ---------------

OS:
 Windows 11 , 64 bit Build 26100 (10.0.26100.8875)
OS uptime: 10 days 8:07 hours
Hyper-V role detected

CPU: total 8 (initial active 8) (4 cores per cpu, 2 threads per core) family 6 model 142 stepping 12 microcode 0x100, cx8, cmov, fxsr, ht, mmx, 3dnowpref, sse, sse2, sse3, ssse3, sse4.1, sse4.2, popcnt, lzcnt, tsc, tscinvbit, avx, avx2, aes, erms, clmul, bmi1, bmi2, adx, fma, vzeroupper, clflush, clflushopt, hv
Processor Information for the first 8 processors :
  Max Mhz: 2112, Current Mhz: 1910, Mhz Limit: 1900

Memory: 4k page, system-wide physical 16190M (2079M free)
TotalPageFile size 58194M (AvailPageFile size 4490M)
current process WorkingSet (physical memory assigned to process): 501M, peak: 530M
current process commit charge ("private bytes"): 508M, peak: 510M

vm_info: OpenJDK 64-Bit Server VM (17.0.18+8-LTS) for windows-amd64 JRE (17.0.18+8-LTS), built on Jan 15 2026 18:50:45 by "MicrosoftCorporation" with MS VC++ 17.14 (VS2022)

END.
